account_id,customer_id,account_external_id,account_type,currency,opened_at,status
ef195a60-86a4-56d4-ad5b-37b9fa05e8c5,551aad89-9ac1-5f9d-b8ec-6784ffa02540,ACCT-000001,checking,USD,2024-12-12T19:41:21Z,active
a9030b55-d55c-55ce-bfaf-b00ddafcb443,814c8d99-53b1-50ba-a640-42a513c59c84,ACCT-000002,checking,USD,2024-05-29T19:41:21Z,active
e0713bc4-2bfe-5d97-986a-7d6b478ea7a0,5c05f4a8-8789-59dc-89f0-bc9af13084c9,ACCT-000003,credit_card,USD,2025-11-07T19:41:21Z,active
8819d726-14ae-5ad7-aea5-e9c61d752a79,a3f6b308-1517-5b33-8f9b-47fbd4c2108a,ACCT-000004,savings,USD,2025-01-18T19:41:21Z,active
294d4657-4919-5d64-ad6a-b1d6f4981d78,f57b3705-39d7-5439-929b-3401755156ea,ACCT-000005,credit_card,USD,2025-01-24T19:41:21Z,active
e361ea55-ce0f-53a6-ab90-11d64a112560,67c5e33c-56ae-5724-9736-22b70b5dd14f,ACCT-000006,credit_card,USD,2022-02-27T19:41:21Z,active
1668a40e-4d76-5d2e-87a3-7e8bf76a83d0,f0b647b4-c3ba-553a-84b1-e8cdae95cbce,ACCT-000007,checking,USD,2025-09-25T19:41:21Z,active
2f14c9db-6aef-5878-92b6-cf78911d06df,3586b993-ebfb-5ca0-99a7-9c2577150ced,ACCT-000008,checking,USD,2024-01-25T19:41:21Z,active
b6229fb9-0736-5f71-adb4-a9ee53a759d3,fe2dfad7-6a33-56a2-aaf3-dabff7335ae7,ACCT-000009,credit_card,USD,2024-12-31T19:41:21Z,active
af74f19e-e64f-5ff2-8a1b-830c1da52413,8a63fcac-740c-5873-94b7-99022ed4cd6c,ACCT-000010,checking,USD,2025-12-25T19:41:21Z,active
83f15b52-9436-5a5a-8a21-0413f1ddf00e,0194cc6b-f02b-55c2-ad85-7f5259b4fee9,ACCT-000011,checking,USD,2024-01-15T19:41:21Z,active
e1df25e3-d2a2-5a32-85fe-2598b7e0b14f,fea21daa-f21d-5aac-bb6b-f0d8c776c404,ACCT-000012,credit_card,USD,2023-01-31T19:41:21Z,active
c2739083-e74e-5d88-bf58-3ed362069a4d,59d9307b-8854-5ec8-a81d-f01997cc2655,ACCT-000013,checking,USD,2023-02-24T19:41:21Z,active
9d6cee45-bb5a-5226-a83f-9193f92fdd34,a6ad13a1-ccfe-5b3d-bced-206cd5adb141,ACCT-000014,credit_card,USD,2025-06-12T19:41:21Z,active
3c76669c-9b96-5150-b46b-c64a0e661bbf,1bff7115-49dc-5e82-b1e1-b17d1d08481d,ACCT-000015,savings,USD,2025-02-23T19:41:21Z,active
981f0d0e-8e90-5cf3-b718-ed8456c8f433,43d40fc5-5682-5e69-9230-3f7a669cf9fc,ACCT-000016,checking,USD,2025-11-12T19:41:21Z,active
0d90e611-0a12-542c-ba33-f4029726979e,08da0623-79d0-5b14-8e66-4a8cfa39877c,ACCT-000017,credit_card,USD,2026-03-18T19:41:21Z,active
5e5c94ed-bad4-55c4-9216-36a67690105e,f62276ad-274c-5e87-8bc5-41ccae497285,ACCT-000018,credit_card,USD,2024-01-31T19:41:21Z,active
90ec982d-2d1b-53b1-a59f-17348204ff84,f16c0cd0-3e52-5739-add0-ff73d15aa17b,ACCT-000019,checking,USD,2022-12-03T19:41:21Z,active
05d2ffdb-1ddc-5bc9-b336-98ff3eb72bbb,67030947-1c80-593f-a0f5-60dc1890b50f,ACCT-000020,checking,USD,2024-08-10T19:41:21Z,active
04bce243-b7b3-5eb5-b7c4-3b811f2a8405,2af1bd4f-1485-510d-bd9f-8815f02716f2,ACCT-000021,checking,USD,2022-07-27T19:41:21Z,active
92973384-3593-5326-b025-b42e69b4c052,045fd43c-73de-5b62-8368-0355bd9d5ab7,ACCT-000022,checking,USD,2025-02-17T19:41:21Z,active
1aadde60-7e82-588a-a191-89ea938adfc5,c66a6407-bce1-537c-a38d-aea0c7c8bb09,ACCT-000023,checking,USD,2023-08-06T19:41:21Z,active
7efb942c-bfde-55ed-89cf-d3f567887707,96c7924e-d6f1-5405-b755-c9e6ca0e02a1,ACCT-000024,credit_card,USD,2021-09-06T19:41:21Z,active
c97b6f17-499c-5967-82b9-440686c33275,0146d275-1460-51d2-a6e0-7393eeb34b2f,ACCT-000025,savings,USD,2024-06-14T19:41:21Z,active
95b2196e-f8c9-5730-952c-aed3d7e55cbc,cd3a71bc-4b6f-556a-aad8-07ca827653a1,ACCT-000026,checking,USD,2024-03-29T19:41:21Z,active
c585451b-dd30-54d0-a41d-a9065378d879,8d8e6906-c250-59e5-a49c-17bea0e23633,ACCT-000027,checking,USD,2022-11-11T19:41:21Z,active
a32f9c83-ca20-598e-89bf-1186dfa71a03,2ccfcb63-480c-5b99-a0ff-5539d38928b3,ACCT-000028,checking,USD,2023-01-06T19:41:21Z,active
e2c1bc0f-2053-5d79-96c7-5267dcc97f99,2c7d5e2f-7721-5a81-af1a-bb938a3197df,ACCT-000029,savings,USD,2023-11-29T19:41:21Z,active
58725850-0965-53b5-8dd5-0587dd3502f9,8ff668a9-1be4-5620-9c47-396ae365f595,ACCT-000030,checking,USD,2021-07-26T19:41:21Z,active
3e452314-78a4-5e0d-9ea7-6208eeb79c4f,8d9b8113-0b01-53bb-a208-e54b5f35e57c,ACCT-000031,credit_card,USD,2024-09-05T19:41:21Z,active
8418de2e-5884-5ea0-936c-3e12028259b2,4bcdb2b8-0f5c-5905-8e8d-82820bd3c947,ACCT-000032,checking,USD,2022-02-25T19:41:21Z,active
47267761-643b-5208-9196-f8eddd2a8bd4,c689569b-9b5b-589b-83d3-76d069d610ec,ACCT-000033,checking,USD,2026-04-19T19:41:21Z,active
4df455ec-f1bf-5391-bdd9-7908cd0a1696,e489d614-884f-5865-bee2-63161cbb6420,ACCT-000034,checking,USD,2023-01-07T19:41:21Z,active
f47d60be-f2f4-538a-8818-4c768ca64ed1,5e119298-fbe0-5992-bb6b-e8bafec6de25,ACCT-000035,credit_card,USD,2025-06-12T19:41:21Z,active
23e030ef-6a93-5214-ac81-edbec706fa99,0ba23a02-5d75-51fc-820b-76571e00a158,ACCT-000036,credit_card,USD,2025-01-27T19:41:21Z,active
9ad7daeb-9805-5dad-b19d-18f0d728c76f,94ac9bd5-70f8-5583-8b6b-0928a323eb42,ACCT-000037,credit_card,USD,2024-11-18T19:41:21Z,active
cb46c47e-5476-5b77-a2be-fa0aca85640b,0b2a6dfa-0c15-524a-858d-98b57d881b48,ACCT-000038,checking,USD,2022-05-27T19:41:21Z,active
d38c8351-0a39-537d-89c9-611f01ea6cd2,e5428808-6296-5164-b53c-d7969233ac3c,ACCT-000039,credit_card,USD,2025-03-19T19:41:21Z,active
5489d13d-31da-5ef9-b96b-d4f89e265430,d3125d46-ddc5-564e-9ba7-223e90342d2f,ACCT-000040,savings,USD,2022-05-17T19:41:21Z,active
6c2a69eb-c23c-5293-bf7a-52d7edf7c25a,59a40f40-c9a2-53d7-846b-e5027d254af3,ACCT-000041,checking,USD,2023-08-03T19:41:21Z,active
8515190f-8247-5162-ba14-949bd8ad8aa1,6553a4d0-3553-5c42-b87e-6e334e2339c3,ACCT-000042,credit_card,USD,2023-05-15T19:41:21Z,active
7ce059f2-1837-59a6-9fd6-ff820d83b284,a6ef40c6-b152-53a9-a0c6-57fbffeee18e,ACCT-000043,checking,USD,2023-10-30T19:41:21Z,active
123ff2aa-24b1-5cbd-a575-721a774f4acd,8787f8af-f603-52df-bbda-1bd0473c2da1,ACCT-000044,credit_card,USD,2023-09-22T19:41:21Z,active
41dbd6c3-4555-5f97-90d7-5407840b5726,f0343ed4-8a36-5915-8093-1d36b6d1d116,ACCT-000045,credit_card,USD,2026-03-24T19:41:21Z,active
9b6be340-c7ce-5c21-8092-ec4dccc1a1c5,c7b3cdb4-0a10-5361-a249-225ced0dae7f,ACCT-000046,checking,USD,2021-12-04T19:41:21Z,active
554079ed-1dae-5977-a358-b6ce23d853cf,a308653b-e2a6-524f-a651-3777abd1fafd,ACCT-000047,checking,USD,2023-09-15T19:41:21Z,active
df5fb0b5-bbb0-5d1f-8f54-af870b8c9e53,051a33d1-d032-5709-9430-89b21b067c27,ACCT-000048,checking,USD,2022-06-07T19:41:21Z,active
5e89b703-f918-5905-b5c4-c9b58305f52f,7c798dc7-7fa0-5fd1-a7b5-049887299faf,ACCT-000049,checking,USD,2024-01-07T19:41:21Z,active
d5fa8ad7-f81c-5129-aefc-8bc4dfd1c03a,d043f15a-5d12-5709-a8a2-e164ae35ec23,ACCT-000050,credit_card,USD,2025-02-04T19:41:21Z,active
ceba3f21-f9c7-547e-a41a-b225bde3e46c,8045ab10-15f8-5072-9934-bd9956dc2d9c,ACCT-000051,credit_card,USD,2026-01-11T19:41:21Z,active
b68b5f0c-bfa4-5a88-adca-a72a48c073fb,7140d087-7738-59ec-a040-85169d683f6e,ACCT-000052,checking,USD,2023-07-19T19:41:21Z,active
173e0767-94bd-5738-9f03-67eb0c940b94,90e8ed66-d5ae-5a4c-b4b7-e36b073e9b25,ACCT-000053,checking,USD,2021-07-31T19:41:21Z,active
8e1fbbdc-8086-5caa-b217-2777a498cd63,f420c691-433f-5770-8db1-6785619b340e,ACCT-000054,checking,USD,2025-11-05T19:41:21Z,active
aca048e6-e39c-539d-b2f5-ac7cad2aaabc,fd8ba815-1b0f-5f4f-a07d-b4fca3dc5e61,ACCT-000055,credit_card,USD,2021-08-08T19:41:21Z,active
7a4ef5d6-b703-50b1-80f0-1fb374fd89f8,7f522ebe-325a-5113-adc9-491645527f2b,ACCT-000056,checking,USD,2022-02-27T19:41:21Z,active
030cee22-9798-5303-b684-e22b87905610,69bbf60b-b463-5584-8bc2-5a722e8cbc16,ACCT-000057,checking,USD,2023-11-12T19:41:21Z,active
348579fa-e930-5953-b167-afe511b58658,10bf0c04-e337-5c2d-b69a-a4cb1aa8c145,ACCT-000058,checking,USD,2022-01-16T19:41:21Z,active
db3c8028-1e65-5e20-a82f-277bab4c9a97,71cff273-af31-5915-9883-5690203c9659,ACCT-000059,checking,USD,2025-09-04T19:41:21Z,active
7d75f235-4568-5697-a084-8dc577b4f91f,3a679863-d6ed-5e3f-8102-2174bdd52860,ACCT-000060,checking,USD,2022-04-10T19:41:21Z,active
1122ed5f-ff26-545f-800e-1ed710401967,ad3208e2-9d08-5003-92b2-d29ee770c36a,ACCT-000061,checking,USD,2022-10-13T19:41:21Z,active
0aaff5e2-b172-57a9-8e29-040cf7207876,650248b5-9c89-5af6-bce1-c80033baed40,ACCT-000062,credit_card,USD,2025-06-24T19:41:21Z,active
5e253875-b061-5801-8f46-fb0b34b4ce25,a2313b8e-5261-5449-8533-85241fdc2acb,ACCT-000063,savings,USD,2025-07-03T19:41:21Z,active
b20ac5c0-3001-5fd2-bff0-98193c3865a8,6b5befe4-170d-53bf-b336-971e69176930,ACCT-000064,credit_card,USD,2024-04-09T19:41:21Z,active
2c2fbffc-7fc1-50e2-bf95-54d592c2bdee,ff96cff8-37ac-58da-9257-8e98f569861c,ACCT-000065,checking,USD,2025-04-22T19:41:21Z,active
1431be80-fb3a-5d21-800b-fa34fe692116,f803c8e4-b484-519d-adfb-9e16b81dc382,ACCT-000066,credit_card,USD,2024-04-07T19:41:21Z,active
9dabcfec-7a52-51bc-852f-796b7a19beb0,bcfe2fb6-47c4-5035-a2f9-4e78d8021e45,ACCT-000067,credit_card,USD,2021-08-01T19:41:21Z,active
748b74be-4ff5-5310-9bb2-c41965cad261,8e1e1248-6839-59d8-9ac5-dbe44dff4618,ACCT-000068,credit_card,USD,2026-02-09T19:41:21Z,active
378781f4-a46c-5024-8943-586b8ffb95f4,7efd3b7b-c81e-5fbf-9ba6-2ce46e2f3227,ACCT-000069,credit_card,USD,2023-12-25T19:41:21Z,active
dd1f6d36-3cae-5624-87fc-40e9eaf677a5,454f38d7-d818-5697-b210-d0b8ea63841a,ACCT-000070,checking,USD,2023-08-28T19:41:21Z,active
1c2e8bc4-8122-581f-bd2c-7773210030ca,6f80918a-0cb2-545f-95eb-f83ebc3abfba,ACCT-000071,credit_card,USD,2021-10-06T19:41:21Z,active
96646554-4fb5-51d0-a947-a22ce9ad537d,dff6cf9d-9377-53bf-811a-6da2a2a11e22,ACCT-000072,credit_card,USD,2022-02-23T19:41:21Z,active
1ad6dd41-9819-5dba-ad5e-7b8a1fd879a7,49079aad-1f3c-5d71-b4aa-2b7a03a32f24,ACCT-000073,credit_card,USD,2022-04-17T19:41:21Z,active
d25bc0cd-44c2-56c6-a104-855caed8ca7c,4806d296-ba6e-5089-8b2b-c9e46a97f3fb,ACCT-000074,credit_card,USD,2022-07-15T19:41:21Z,active
693937f6-a330-5e57-9644-be053eb5e508,0c881136-0ae8-5d83-bd2d-d8753d812959,ACCT-000075,checking,USD,2022-03-19T19:41:21Z,active
838f29de-0fa7-5e0b-9249-2e2273a382c3,b40160bd-befe-5416-a8e8-4ae4b292a414,ACCT-000076,checking,USD,2021-07-13T19:41:21Z,active
d15ee8ce-dcf1-554b-ab43-6ab3a4aff36c,95da5152-e1ef-5085-8af8-0d33481a6fb7,ACCT-000077,checking,USD,2024-08-07T19:41:21Z,active
71502105-eb20-5fc6-a298-e48ee619f72b,0a549ec1-0db6-5bd3-a19f-ae7c06a6f297,ACCT-000078,checking,USD,2025-05-18T19:41:21Z,active
019f625d-5049-555e-8100-2cef30c6683b,7df8cd7f-9d2e-5c24-92af-ce2b62476ba8,ACCT-000079,credit_card,USD,2025-11-12T19:41:21Z,active
b92ffa0a-cd32-5961-b69e-47e5a474c26d,7500167c-97da-5eff-8893-9af5badd91f3,ACCT-000080,credit_card,USD,2022-06-14T19:41:21Z,active
55b9734f-e529-5c35-a978-a2ec7b1aa445,b93314aa-378f-5315-8964-ba1387b95f40,ACCT-000081,credit_card,USD,2026-01-06T19:41:21Z,active
1a500112-f616-5169-905c-b7f231e8e720,b4710b5c-1374-574f-ad6f-efadf1df389b,ACCT-000082,credit_card,USD,2024-10-12T19:41:21Z,active
45e389b4-d959-5cc0-8856-78984bc516c9,b5384021-6db9-5afc-be08-b1a45cfcfd9d,ACCT-000083,credit_card,USD,2023-06-21T19:41:21Z,active
c4c5ebe4-5ceb-5401-b977-f0767ee9fcf6,d3bf6bc5-0267-5958-9e94-c5b15f389fa2,ACCT-000084,credit_card,USD,2022-04-24T19:41:21Z,active
3528be6d-965b-5dc7-b5b3-cca4aab40c68,d883db2a-2da3-539b-afa2-ce92afdfbce7,ACCT-000085,credit_card,USD,2024-06-27T19:41:21Z,active
93e280d5-19f2-5444-bcd8-ed4398591174,25ea94a3-4ea3-52d1-9652-5bf82c37fe4d,ACCT-000086,checking,USD,2023-02-19T19:41:21Z,active
2d63bcbd-0b5e-5655-a443-414d82d2f8cf,5b2be8dd-d37d-53d4-aa9e-db8ea39f94d2,ACCT-000087,credit_card,USD,2023-05-11T19:41:21Z,active
63dc8fe7-72d1-5bc4-81c3-e712c7e38215,3ab5b7e3-9c6c-5c59-8dc5-d31c62ec81f4,ACCT-000088,credit_card,USD,2023-03-06T19:41:21Z,active
afebcd86-6db7-5f07-aded-e8871a9fe47c,36c54c3b-7c90-5191-9f8d-2f036bc6cca2,ACCT-000089,credit_card,USD,2024-10-13T19:41:21Z,active
1d24526d-8ab5-5ed1-bd1d-89f47a3f8327,c593b6bf-fd06-5166-92e5-33e7e88cc3df,ACCT-000090,credit_card,USD,2023-04-03T19:41:21Z,active
8369c518-8fed-553e-9efe-5f52de9e1259,4af8ad72-df81-52fe-81b6-b276186bfc76,ACCT-000091,credit_card,USD,2026-04-16T19:41:21Z,active
408259f1-0699-5ee2-a595-73e83bab0fd3,bafc0768-b1ad-5f48-96fe-c45648308c8b,ACCT-000092,checking,USD,2026-04-13T19:41:21Z,active
0481ad02-f48e-5016-9811-aeb28db4a543,b35d98d0-979f-5047-a718-092066791572,ACCT-000093,checking,USD,2026-04-21T19:41:21Z,active
e528e71e-633d-5352-8ce3-f46f3984c2f6,62e5be73-7f90-55e0-a0cd-0e8174865410,ACCT-000094,savings,USD,2022-11-14T19:41:21Z,active
5b7dd2e8-5875-5130-a5b0-9b6f3a20daf9,d20b4bc9-265e-5232-a099-12fc7089b046,ACCT-000095,checking,USD,2021-09-06T19:41:21Z,active
9ec4e7a9-13d8-57fd-8417-dbe9abc4ef4c,54561408-aacd-5bc3-abee-1455e61da567,ACCT-000096,credit_card,USD,2023-12-28T19:41:21Z,active
dfcf0a52-9b5e-58d2-8892-910d00c35a2c,5692e80b-2fd4-5c75-9ab1-7045f94d44a7,ACCT-000097,savings,USD,2024-09-16T19:41:21Z,active
7da19c2d-ce07-5d84-8f9d-5bd01f512568,50d27f92-1947-58b7-877f-83fa8f9dd836,ACCT-000098,credit_card,USD,2022-02-12T19:41:21Z,active
808b83f1-2399-59b0-ac46-a45a83bfcae5,db0def82-5480-5a78-8d9d-61e125efaf0c,ACCT-000099,checking,USD,2025-12-21T19:41:21Z,active
06849698-e39a-5977-86e5-d288bbb74e28,15de46ab-4eea-5157-8f5d-33d8b3b55383,ACCT-000100,credit_card,USD,2022-08-24T19:41:21Z,active
2e1341d3-2b3b-599e-a76a-f1d74b8fdc38,593f1e45-5865-5a4c-a146-f8b9828cffe4,ACCT-000101,savings,USD,2021-07-10T19:41:21Z,active
d0a8f01f-a9d8-5d3f-b8b0-09c5c174a40d,8be9f993-2757-55a9-9ccf-09365048676a,ACCT-000102,credit_card,USD,2024-10-18T19:41:21Z,active
3ad966fd-4e07-52ef-bc0f-cefa810ddb39,c543a1ed-8bef-5c5c-9540-4ba944a9c4c7,ACCT-000103,checking,USD,2024-12-18T19:41:21Z,active
104c76a5-71e9-5869-9c9f-436a5c8adfa0,04cc837b-e974-5658-9044-d22ba156cc86,ACCT-000104,checking,USD,2023-03-20T19:41:21Z,active
88d5758f-25bf-5aa8-a3eb-f072364c5c0e,b94d5bb2-a803-504c-8311-dd4e318945c5,ACCT-000105,credit_card,USD,2022-04-02T19:41:21Z,active
5377849e-546b-582a-855d-e5c3ef78329c,b9f96963-0518-57a6-b525-451d61069316,ACCT-000106,checking,USD,2022-10-03T19:41:21Z,active
0417f869-46d8-52d1-9f8f-d136b3322b86,599e6ecf-b076-5d03-baba-cc32268f8a09,ACCT-000107,checking,USD,2023-05-19T19:41:21Z,active
94987e28-b5c7-573b-9b93-cc3db2aa2d04,42a93475-658d-5033-ac92-900f578db335,ACCT-000108,credit_card,USD,2025-10-30T19:41:21Z,active
8315e6bc-0557-577f-a9d4-a6c82e4b4f8a,dddc6f3d-7488-5841-9d71-f29d4c6f1134,ACCT-000109,credit_card,USD,2024-08-20T19:41:21Z,active
a6bd55c7-99ea-528a-b11f-ae8d67255cc4,b93331f8-e7b8-5688-968a-2876acf4c1ab,ACCT-000110,checking,USD,2022-11-30T19:41:21Z,active
98d5579e-f498-518a-8331-09a29d2d6d82,eca1b3a1-1dec-5227-93c0-335c3907360c,ACCT-000111,checking,USD,2022-02-22T19:41:21Z,active
4de131fa-fc3e-54cf-a10c-359a00ee86c6,b57572f2-cece-52f2-b87f-5d01867ab887,ACCT-000112,savings,USD,2024-09-01T19:41:21Z,active
abc6dbf5-4532-5e3f-9f85-dd8e07c6e6f1,98991e93-3879-5285-84e9-358b274f2eab,ACCT-000113,credit_card,USD,2023-12-18T19:41:21Z,active
d1a827d6-35fa-5ef5-9e3d-f2d57826c0bd,6aa78cb0-7735-5898-aa80-7fbb1be22514,ACCT-000114,credit_card,USD,2024-08-09T19:41:21Z,active
84b3d7c0-78d8-5556-ae40-dcd57bb18bc7,298e9f80-f6ab-577f-b50b-c96f82625457,ACCT-000115,credit_card,USD,2021-10-31T19:41:21Z,active
770ca4d8-a358-5d54-b56b-4c182350da86,9ef56138-b7c7-5741-914b-85e736b3ef9f,ACCT-000116,credit_card,USD,2022-05-30T19:41:21Z,active
440fff88-7e46-5c60-a249-3fcf181a0ee0,54eee953-529f-536f-8cc4-ddc41ba23253,ACCT-000117,checking,USD,2023-08-15T19:41:21Z,active
49e3fc3f-bac9-57f9-9ab7-86acfa588d40,90e709e7-2ca0-5d5d-a541-e6062840bf97,ACCT-000118,credit_card,USD,2022-07-08T19:41:21Z,active
98c4ec0b-1219-5a28-b8e2-7d21d627ce88,4787fcc8-287d-5a29-8bc4-2f6b6b67b027,ACCT-000119,checking,USD,2026-04-08T19:41:21Z,active
ae786d41-b3d2-57cb-aa87-97153400bc8c,2c303dac-acd8-574e-8129-65a5a808e0f7,ACCT-000120,savings,USD,2021-08-05T19:41:21Z,active
3ad55975-6b5b-5e74-98bd-0a77635e3522,ffbb6f2b-9730-58bf-ae62-155f6e9bd6b4,ACCT-000121,savings,USD,2025-08-04T19:41:21Z,active
24ab5904-1300-5845-88b0-a4f5bb2d845e,a578d2b2-23e4-5b33-a415-1dd55afde4f5,ACCT-000122,checking,USD,2022-05-08T19:41:21Z,active
07d35c97-d648-5362-bae5-a13f4b86f523,59c792db-078c-502a-889f-49fa941d8d45,ACCT-000123,checking,USD,2023-04-19T19:41:21Z,active
1108caa7-caed-5c43-8efc-45ea705e4161,3ba28306-c996-5a26-98b1-89d729f110fc,ACCT-000124,credit_card,USD,2025-07-22T19:41:21Z,active
7fe9d292-f61e-5034-bc71-0af7c4868966,a7404343-65bc-5e7d-8f0f-209393154b34,ACCT-000125,credit_card,USD,2022-05-30T19:41:21Z,active
f50a1aab-35d8-5cb3-89af-4aaa3c84c2ba,b35f6270-6c0f-5795-8cac-8b2b6cc86456,ACCT-000126,credit_card,USD,2024-06-25T19:41:21Z,active
ec9f3700-062a-5e6a-8e9f-ef1e4daa8440,94dfa6ee-ca68-54ba-99b6-2bdcb79b01ca,ACCT-000127,credit_card,USD,2026-01-24T19:41:21Z,active
7214fb57-7b86-504a-b3d9-ba32712bbdaa,3b779387-fba9-577d-8f5b-cfd58a536365,ACCT-000128,checking,USD,2024-01-27T19:41:21Z,active
839c4b47-1f0e-54a5-8137-16c5d240f9bf,b5b90f95-ab92-5ebb-b8da-05c4c7e83a1c,ACCT-000129,checking,USD,2022-06-03T19:41:21Z,active
3578753d-f0d2-5fe8-b2c5-a23e90cf03ed,660f3a04-f568-53bf-b09e-625b8cf5dd28,ACCT-000130,checking,USD,2022-11-30T19:41:21Z,active
6cacaf0c-be8b-5969-85dc-aae3e7367eba,c970a18d-5896-5d62-9f47-a55a22fc8050,ACCT-000131,credit_card,USD,2023-06-14T19:41:21Z,active
f04214ae-7afe-5aef-99fd-2b23f735ab06,95beb9ed-3e77-5bf8-b8f5-79f62922f2f5,ACCT-000132,credit_card,USD,2022-01-12T19:41:21Z,active
a3595557-0d3c-55d4-944a-5b663e5ff5c6,8fd8dd49-ba00-55d6-ae41-587e694b1b15,ACCT-000133,credit_card,USD,2023-04-21T19:41:21Z,active
911fe55c-b9ee-5df2-aa09-132998c9d0c2,c8a72d79-a456-5527-90fd-2b76ea9ce074,ACCT-000134,credit_card,USD,2026-03-25T19:41:21Z,active
a11353f2-a6a3-58b9-bad1-2a5c6806caa3,cb3bf591-3a58-53b7-b46d-2cba567142c8,ACCT-000135,checking,USD,2023-06-06T19:41:21Z,active
66083b0d-f289-5ccb-b871-087e02be805a,efc91ccb-0257-5fc4-b82f-5b023916f4c6,ACCT-000136,checking,USD,2021-11-05T19:41:21Z,active
9a3d2a38-364a-50a9-a583-db4978c3d103,27b221f7-6e40-5bb5-8fe0-e147569accf7,ACCT-000137,checking,USD,2024-09-22T19:41:21Z,active
5c3183e4-2a2c-598b-820f-8887ea63ee25,f421ff0f-df54-5e40-a2d2-365f8ad464bf,ACCT-000138,credit_card,USD,2024-05-17T19:41:21Z,active
33c94b02-87e4-510a-87fd-0510b198a358,37a86eba-d801-53e1-8350-f60fccb91fe5,ACCT-000139,credit_card,USD,2023-01-10T19:41:21Z,active
45ffa0f0-b077-5932-9908-ba25b2f37e88,a39b6050-3a5c-502f-ad56-8a990b2f002b,ACCT-000140,checking,USD,2024-04-16T19:41:21Z,active
8da1393e-3ebe-5791-8f10-f1ab0fc55f27,a42510e8-f8ec-561c-be37-ed68448fc630,ACCT-000141,checking,USD,2021-11-01T19:41:21Z,active
e2d1fb3b-d688-5d04-96f7-8dd6dedca6ae,4c85cf24-07c4-5f0f-a366-f540a84db290,ACCT-000142,checking,USD,2021-08-01T19:41:21Z,active
de18c001-1754-5346-9e3c-c943781fd82d,50af95b3-f999-57f4-9b8c-d28362415a7b,ACCT-000143,checking,USD,2023-10-27T19:41:21Z,active
24b3673e-5888-587e-8d16-8c104e325a88,a301aa90-c234-5a96-8917-726778b2f9bc,ACCT-000144,credit_card,USD,2024-11-06T19:41:21Z,active
006ee907-3776-5f1b-b4b0-d03f8adefba0,3005c7f3-c6af-590b-bd72-f92c95d0a324,ACCT-000145,checking,USD,2024-08-05T19:41:21Z,active
4a6a5ae7-4790-5c17-a89a-b7fc1c794d30,9b5a70db-813d-5741-8c7b-90305ac8f98f,ACCT-000146,checking,USD,2021-07-26T19:41:21Z,active
d32f904c-46c3-5f5b-a6f3-d895653bd15b,653c707d-2992-5264-8bea-57f13cadae53,ACCT-000147,credit_card,USD,2025-08-21T19:41:21Z,active
ce2fb82e-abf9-5c8f-b32b-0c887ae56d95,4e61245c-c31c-57ba-aec8-1d1f839f0490,ACCT-000148,credit_card,USD,2025-05-16T19:41:21Z,active
9e34c066-fcc1-5b9e-894e-d3879dad8b30,e2b04b6f-89d3-5ee3-ad14-f9effcb921dd,ACCT-000149,credit_card,USD,2024-01-15T19:41:21Z,active
73f38e84-0e25-5efc-b705-78e52657ec14,b7bb45df-760f-5ace-a201-d0e82587b6db,ACCT-000150,credit_card,USD,2024-05-16T19:41:21Z,active
04d413f2-a0f6-5ec1-8f1f-bcfc23444bcb,85def8c7-2e05-51ea-8840-1c618303c021,ACCT-000151,credit_card,USD,2024-06-13T19:41:21Z,active
e0c1ae90-0497-58fa-bdc9-023f99006839,412020a0-f3af-5f6a-be6f-89a08cf85ccf,ACCT-000152,checking,USD,2025-10-22T19:41:21Z,active
edb790c1-9a21-5863-8bb6-9b6ea292f464,afa11624-cbad-5071-94b2-193c491a5b7f,ACCT-000153,credit_card,USD,2024-03-23T19:41:21Z,active
e15eafc0-0583-56f5-8766-7a0d4adde767,bd4e18c8-a5f7-58d4-94d0-f2be474ab414,ACCT-000154,checking,USD,2022-07-05T19:41:21Z,active
3db648ba-719e-5383-8a2c-a35e596e6279,f526213e-0528-5222-a852-8955503d5d99,ACCT-000155,savings,USD,2025-12-04T19:41:21Z,active
e87085a1-25c2-5207-afac-15285977ac42,33947201-5e61-5a5d-8a01-36030c828311,ACCT-000156,credit_card,USD,2025-06-30T19:41:21Z,active
c4a109d3-781c-585d-89be-9ac6cf9bb15e,7321d9b9-c334-5939-8f7e-44bc35aff205,ACCT-000157,credit_card,USD,2024-05-26T19:41:21Z,active
f34b912c-c471-5387-8151-4581f6126c0d,31e205f2-1731-57e8-b04a-c2a06e395a2b,ACCT-000158,credit_card,USD,2024-07-21T19:41:21Z,active
3edd8bb4-4939-51ab-a5f9-9f168df43326,a635e24c-0915-59d4-a0e0-908f70128547,ACCT-000159,credit_card,USD,2022-07-07T19:41:21Z,active
c8187105-2b69-5e80-83f0-bd8555ce2d99,b28241d9-e3ba-518d-a0de-9d6d4ba7f33d,ACCT-000160,checking,USD,2024-10-15T19:41:21Z,active
b3e572bc-d020-56cb-b913-e3ecb76de291,0347aa39-095a-5630-a7ac-49cb9145a368,ACCT-000161,checking,USD,2021-09-20T19:41:21Z,active
b35cd4ed-3853-5251-af4e-f6f82250e246,98e147b8-96a3-547a-a97e-dab4ae287716,ACCT-000162,credit_card,USD,2022-04-16T19:41:21Z,active
c66fb15d-3d04-53a7-b573-19ce020a9eb5,6c001d29-be99-5a46-80cf-df9f96d87375,ACCT-000163,credit_card,USD,2022-02-27T19:41:21Z,active
2fb31d66-2f30-5829-91b6-e6a1b5777ad8,5efe890a-54c3-52a2-9a30-6713eef84694,ACCT-000164,credit_card,USD,2026-01-07T19:41:21Z,active
7f35342a-6a49-5879-9765-5e1e9f88630e,02e2d097-51f7-5128-9753-64bd190f9684,ACCT-000165,checking,USD,2021-12-15T19:41:21Z,active
df4dee66-98fb-5377-956d-24551d92e6ca,f7330718-6c29-5081-afd6-9c5fa33b3de9,ACCT-000166,checking,USD,2023-08-21T19:41:21Z,active
ec4cfe33-9076-5f51-9da1-063788e4aec5,bfa68ee4-1563-53e2-9f4d-2fb301f4e2b3,ACCT-000167,checking,USD,2024-09-02T19:41:21Z,active
050d7ab3-9314-5457-85b3-e28a55b3f9c5,51d867ab-33a8-5f06-a196-f68dabecbbd3,ACCT-000168,credit_card,USD,2022-04-20T19:41:21Z,active
a51d6927-0d65-52d4-a0b9-b749a4704f47,78994452-7e9d-5ab6-afa7-8042f5e01f2a,ACCT-000169,credit_card,USD,2022-05-29T19:41:21Z,active
725a1cd0-454b-54dd-a6ae-829c47db2daa,10dfe787-66a4-58fb-ac41-c64927589efc,ACCT-000170,checking,USD,2023-07-22T19:41:21Z,active
044af38e-df2e-5847-a98c-8e25c8fb3dac,3741f657-276d-5a44-b751-bc66453a4793,ACCT-000171,savings,USD,2025-11-21T19:41:21Z,active
beb45ab8-6f26-54ff-ba45-0add8568becb,217e38fd-6077-5031-99d4-acecf008951e,ACCT-000172,checking,USD,2024-07-06T19:41:21Z,active
f098f875-5bb8-59eb-8b3d-771d8f767ff0,422dae6b-05d7-57a1-8867-a7589887c572,ACCT-000173,savings,USD,2022-06-04T19:41:21Z,active
cc5934dd-eec1-5055-b6eb-f8a85453c5fd,c9561278-485b-545a-aee4-06de2ace92b5,ACCT-000174,credit_card,USD,2026-04-19T19:41:21Z,active
39b3a967-7d04-539e-ac5a-6cf539854a69,55ff0b66-b416-53cc-b968-071bdb061338,ACCT-000175,checking,USD,2022-11-14T19:41:21Z,active
f175cc2d-fe70-5348-96ff-eccfa46b6987,5c507a5e-c155-53cb-aea5-fd831871e8fe,ACCT-000176,credit_card,USD,2023-11-07T19:41:21Z,active
321fe268-9766-5606-9700-2542b1bd9866,e37cc504-0288-514a-9f55-735ab17ba7f8,ACCT-000177,credit_card,USD,2022-04-26T19:41:21Z,active
3f93720b-eea4-5881-a9f1-764077c6405f,605920af-7af6-5569-8511-bd2619cb19cb,ACCT-000178,checking,USD,2021-07-17T19:41:21Z,active
55dae613-65cf-5dd8-af32-5304a8857d20,44d061bb-f1e2-50c3-9412-a208e38e3c76,ACCT-000179,checking,USD,2023-11-28T19:41:21Z,active
f24437e3-aad2-5c9a-bc6e-93a9172068e2,5eb4a93a-4cbe-51df-b3e4-0afa0c070176,ACCT-000180,credit_card,USD,2024-08-29T19:41:21Z,active
b95c0813-b180-5cb1-b4b6-812906bf1c65,240e6c4e-d50e-5625-9984-c7e3d5511709,ACCT-000181,credit_card,USD,2023-08-22T19:41:21Z,active
dca1080f-99a1-5693-b7c1-a04a05c3cb0b,fa54747a-59c0-50d5-bb0b-2ffbc33befa3,ACCT-000182,checking,USD,2024-09-19T19:41:21Z,active
e6afa22c-ff46-5f51-9ede-5050816cccb7,e5d2e4c0-1d75-5a52-8875-0b5d54ea187e,ACCT-000183,checking,USD,2023-03-31T19:41:21Z,active
0e62f34a-296a-59d1-bb73-7bedb37d1e56,1d788d70-3c22-514f-bd38-20a40aad126d,ACCT-000184,credit_card,USD,2023-12-09T19:41:21Z,active
4056c84c-4682-558a-807e-b734e40c5fb4,44f876e1-6aff-5fbc-9174-37e711517d88,ACCT-000185,checking,USD,2024-05-23T19:41:21Z,active
1d6f8527-2b73-5f10-a71b-fc1dad542602,e59c2824-0314-511f-bf45-9af471ad5aa6,ACCT-000186,savings,USD,2021-11-22T19:41:21Z,active
4fc5ffe5-751f-5936-819b-09a8d1b3de74,f3811b4e-1715-5f78-a463-16d30cf74de3,ACCT-000187,savings,USD,2022-07-05T19:41:21Z,active
9570279f-9611-5cc2-93d4-93548fded79c,051eb652-1cb8-5ac3-a3dd-c17d2bac74ad,ACCT-000188,checking,USD,2024-02-10T19:41:21Z,active
2834e939-4190-509a-847d-3f722efeaf36,a1b1d9a2-830c-5648-84d2-78353ac6232a,ACCT-000189,checking,USD,2025-10-24T19:41:21Z,active
89a4083c-05ec-5221-a097-b05f4d2df895,3953e3e3-4547-5012-8f7c-9ab8adba62b8,ACCT-000190,checking,USD,2026-02-11T19:41:21Z,active
304a9a5b-d2c4-5983-ab9e-996e0b8257eb,ca19b239-60b6-5f57-8809-ed0c3e7cf1bd,ACCT-000191,checking,USD,2023-10-01T19:41:21Z,active
bcbef49e-30fb-5019-a3cb-fa8ca041c04d,fd292653-d979-5dac-878d-b396a0deec30,ACCT-000192,checking,USD,2024-06-21T19:41:21Z,active
e6737748-110a-5fb6-b103-310e7ef6c619,0c7427bb-dffa-549c-88cd-730574ccef12,ACCT-000193,credit_card,USD,2022-01-06T19:41:21Z,active
6d0d4c14-b6e4-568f-a8bd-9c4cac72406e,25410391-656d-5803-a756-2a3b9611677d,ACCT-000194,checking,USD,2024-04-11T19:41:21Z,active
71d5e958-8f40-53dc-93b8-3ef74e8ec798,2473de31-4ae5-54af-ae38-d61ec84227c6,ACCT-000195,credit_card,USD,2025-02-06T19:41:21Z,active
7b9a3d35-71aa-536b-af9d-0029ff3fb683,3b2b1bce-1795-57bf-9890-5e31526b6c9e,ACCT-000196,savings,USD,2024-04-03T19:41:21Z,active
67bca955-914c-5815-8bb0-4adc367a1007,d817e2ab-4861-58fe-9739-caf0d9f03221,ACCT-000197,checking,USD,2025-04-07T19:41:21Z,active
6c14fded-2e7e-5470-9934-ecfdf50e934f,36e2fbe1-8cf4-5d0d-b874-e52c16742278,ACCT-000198,checking,USD,2025-07-11T19:41:21Z,active
0d583fc6-1db5-5fd7-a253-d6039eb8637c,b1a03f05-6290-5f91-a174-1c5a19b9010a,ACCT-000199,checking,USD,2023-10-15T19:41:21Z,active
2b0c620e-f66d-5f4b-beaf-33b92c3432f0,319d2f15-1669-585a-bcbe-ff9b5e8becea,ACCT-000200,credit_card,USD,2026-01-27T19:41:21Z,active
ad528104-d7a0-54de-b1fd-022e9324d7cb,d89381c0-ec0b-50df-8031-50d2af3bd704,ACCT-000201,checking,USD,2025-04-17T19:41:21Z,active
ee9e6045-be2c-5b80-86e7-b738ec60912b,31200945-107b-5263-8fc8-3c7ce1291e02,ACCT-000202,checking,USD,2023-03-20T19:41:21Z,active
1cca31cb-55fe-5f1d-b2f3-be082f19c4fc,f0056f6e-9cc5-5193-9341-97812ef6838b,ACCT-000203,checking,USD,2022-11-06T19:41:21Z,active
7e6b3204-74fc-5b17-80cd-5e0042f5d224,347b0de0-ec19-5207-a69c-62d0504c7e62,ACCT-000204,credit_card,USD,2026-02-16T19:41:21Z,active
3e286698-37e2-5771-be80-36a64af1725e,14471151-0efa-5952-8f0f-88606f9276b4,ACCT-000205,checking,USD,2023-02-05T19:41:21Z,active
7c9be000-11ca-501e-92f9-2368a9afd4b2,c773a978-2ad0-5f2f-9361-84b0503ad6d1,ACCT-000206,savings,USD,2024-11-21T19:41:21Z,active
f32f970c-2650-59d8-8e53-040bd4026e5c,732e1e4b-9f60-5976-93a0-8c7486aef7c9,ACCT-000207,checking,USD,2024-05-12T19:41:21Z,active
4e7ba660-9a05-5e7a-b640-e371a641ea5e,665044c6-dece-510d-8016-05373a308ec4,ACCT-000208,checking,USD,2025-02-25T19:41:21Z,active
cb227f75-8159-5262-aa0d-108e181f00ef,a934f7c6-e3a1-5026-abd1-dd10e337058b,ACCT-000209,checking,USD,2022-01-25T19:41:21Z,active
66e2413c-b291-59f9-bb3e-c01e149aae81,e8d45c36-f48d-5050-9f85-a1a2664cf085,ACCT-000210,credit_card,USD,2026-03-26T19:41:21Z,active
125909e9-d9ff-5656-8189-724943039e78,9e95b3f7-a292-5ee7-872e-ca11c7639aa3,ACCT-000211,credit_card,USD,2021-07-25T19:41:21Z,active
188f9a85-50a2-5b6b-a775-21289b21a3d5,ab2c94ac-a445-5a65-88a1-326bf961d97a,ACCT-000212,checking,USD,2024-12-13T19:41:21Z,active
008af498-8ec0-5e72-a570-22b5ab4c0bc7,6db9b854-9d0b-56bb-823f-ae2101b82789,ACCT-000213,credit_card,USD,2025-08-26T19:41:21Z,active
d9b3a805-ef05-5fdd-adaf-4b7de1c9253f,ad8b0bc2-9891-5e27-9466-27e69ba597aa,ACCT-000214,checking,USD,2022-10-28T19:41:21Z,active
3dcf29e4-e223-56f6-a286-db9701ca5e37,4c3e3b78-ce2c-504e-b187-7640efde941d,ACCT-000215,checking,USD,2022-02-26T19:41:21Z,active
dabb3c22-d0e7-54dc-886e-ac4de8d67077,96f11b34-cd99-5374-8ae2-2f4c5b741e78,ACCT-000216,credit_card,USD,2023-06-04T19:41:21Z,active
d6956157-0f0c-5375-910e-2fc57d377816,ace7021d-b225-5b77-ae80-c8b9bdba955c,ACCT-000217,savings,USD,2021-07-04T19:41:21Z,active
ce9cc510-f9b5-501c-9ab2-a9a0ada443f5,5f6835a2-f690-5741-9569-d686cbdb4f1d,ACCT-000218,checking,USD,2024-04-12T19:41:21Z,active
e667499c-6c70-5390-b4cc-86e2ba54b892,edf5a75d-956c-56b1-8047-b3d86a5481a1,ACCT-000219,checking,USD,2025-06-04T19:41:21Z,active
9cd3c049-5316-58f2-9fe3-3a143057f374,e7c2b0d3-b9d2-5d88-9873-3b3fe91b1e51,ACCT-000220,checking,USD,2022-05-19T19:41:21Z,active
7cfb37e4-72b9-5545-834a-eb833315496a,b96c6e5b-a36d-545a-83bd-926b7bc75a16,ACCT-000221,checking,USD,2023-09-25T19:41:21Z,active
02252da8-97b6-5e7b-9e3a-59961168f24f,ff7df110-a95c-565a-bae2-ad03be164a62,ACCT-000222,checking,USD,2024-03-08T19:41:21Z,active
a6137b3c-dbaa-50f0-a8e9-fac4c674ebf3,09d02700-0cfe-55f6-99c5-35c1e4631cb2,ACCT-000223,savings,USD,2025-05-25T19:41:21Z,active
1c94e8fa-aa19-50e7-ae3e-e4593127c581,89835884-7eb3-5f46-9194-e9c1cc30ffd0,ACCT-000224,credit_card,USD,2022-05-29T19:41:21Z,active
5acaac50-20c9-5e04-b075-2edc413b92e2,6e2801d8-4604-5568-8c62-96b698e2396d,ACCT-000225,credit_card,USD,2024-05-07T19:41:21Z,active
7457a32c-cbb1-53fe-9395-3e7c5aa3567b,fcf5f977-af7f-5399-9603-42db54c799d2,ACCT-000226,savings,USD,2021-07-21T19:41:21Z,active
be828cff-c026-5653-8b99-67f937d92018,1af2c3fe-ad55-5c60-96b9-882f775498cc,ACCT-000227,checking,USD,2022-08-22T19:41:21Z,active
c7a951a0-7c3f-5c3e-9653-be94dfa9681e,45983dd7-9eef-549e-8cc2-e370fa782f24,ACCT-000228,credit_card,USD,2021-10-19T19:41:21Z,active
80b432df-7da1-5d4b-a402-f0b66b502cf9,ccc32909-39c9-57f4-8094-8cf57bd24d62,ACCT-000229,credit_card,USD,2024-04-28T19:41:21Z,active
b537cacf-1602-5af1-9c8f-8f7316bb824b,8f407808-68fe-5642-bb60-b2a1cee49551,ACCT-000230,credit_card,USD,2021-09-25T19:41:21Z,active
3e95afaf-bff2-5420-b706-666caaf86ef9,853b0ae9-4b5d-579c-8e59-6a82917d1b7d,ACCT-000231,credit_card,USD,2026-03-04T19:41:21Z,active
1c4165db-55bc-508e-807c-dff69b5ff936,956c7be7-3949-501d-8b90-3fd589a540e0,ACCT-000232,credit_card,USD,2024-02-01T19:41:21Z,active
cfeef374-2190-5d38-a1f1-f35badd9c575,b94e189e-a997-5de1-865b-83d4e3565be7,ACCT-000233,checking,USD,2022-02-20T19:41:21Z,active
72fe351e-e629-5bb6-a960-d1df60bec9ee,21e4630e-386a-57e9-80f0-e1403a750f6a,ACCT-000234,checking,USD,2021-11-28T19:41:21Z,active
e734e175-fe1a-5565-8892-264b49c0bb7e,8942b3f4-0467-5e7b-9aab-0bc355e38382,ACCT-000235,checking,USD,2021-12-17T19:41:21Z,active
10557c30-fe25-5563-b42b-d89e33781b39,d13e7403-a67a-54cb-9276-ce4b4b7e1733,ACCT-000236,checking,USD,2025-06-05T19:41:21Z,active
02852923-575a-5220-95ca-681706243a8c,9b8d3bf4-93d9-5891-b597-bdd5b2a4f0b0,ACCT-000237,credit_card,USD,2023-09-26T19:41:21Z,active
4eb16e2a-97f8-5a8d-a695-7de8ec3f686f,97bac0a7-429b-569b-a802-6508a395f561,ACCT-000238,savings,USD,2023-05-01T19:41:21Z,active
8276e751-738a-52a3-b61c-0669157167b1,dc260497-ead2-5b47-9b29-ad88ee8a765d,ACCT-000239,credit_card,USD,2025-06-29T19:41:21Z,active
d71f1277-4910-5e6c-a755-eb17d77cc889,8677c408-32a2-5c18-a5f1-6cf5593b72d1,ACCT-000240,credit_card,USD,2025-06-19T19:41:21Z,active
67722c79-db92-5687-9762-6da78384b7c3,d73ef1e6-584b-513b-8206-8c192050f16f,ACCT-000241,checking,USD,2025-01-06T19:41:21Z,active
c392d24c-07a5-5159-99bb-3b618d5a9eaf,27e33c01-360d-57a1-94fb-ce348126198c,ACCT-000242,checking,USD,2025-05-01T19:41:21Z,active
74a4e866-c5a6-511a-a748-18d881721f7f,33449241-aec2-54c9-9e82-50e568a9cb5b,ACCT-000243,savings,USD,2021-08-26T19:41:21Z,active
b1bbddb9-510e-5d20-9efa-87debc84daff,4784067c-cfcf-550c-906a-e04a7da8f984,ACCT-000244,checking,USD,2026-01-09T19:41:21Z,active
e7beed86-312c-5fa8-8908-07274fe90053,b04876d7-7a53-5407-99a0-deac95be13e4,ACCT-000245,credit_card,USD,2024-11-20T19:41:21Z,active
f817cae9-2f0b-5f0c-9211-8edd1cd9b288,b210cfc9-5ea1-5e1e-ba1a-85259ef3b988,ACCT-000246,credit_card,USD,2022-09-02T19:41:21Z,active
c1e5f7c3-037d-514b-958b-5a0ce6406cda,69e6f5d7-a817-5ea5-922d-6853b34194ae,ACCT-000247,checking,USD,2022-08-20T19:41:21Z,active
791474dd-7bfc-5d50-966a-971843df3fc6,44869288-a9b6-5e7f-a812-0a451544fbf6,ACCT-000248,checking,USD,2022-07-23T19:41:21Z,active
cf973f92-554f-5057-b624-5c10a9150342,3d3550fc-2b86-513e-a504-204406491289,ACCT-000249,checking,USD,2024-04-17T19:41:21Z,active
1f95ead4-6df8-5a9a-a114-57e98a45f619,5f189bf7-0868-5875-866a-57111279e142,ACCT-000250,credit_card,USD,2023-05-27T19:41:21Z,active
6f4797b9-c15a-5dde-99d3-1225bdced230,8f1070b7-032d-5293-84ca-1e3862f13257,ACCT-000251,checking,USD,2022-03-13T19:41:21Z,active
f202eed9-2b4a-5748-9e94-b4ed40e4af63,11011014-1436-5b3d-9504-a78eb04d6321,ACCT-000252,credit_card,USD,2024-02-22T19:41:21Z,active
5a8e351d-b1a0-5164-9350-30163506e88b,696879eb-aeeb-587c-8faa-d00b41a5bbf2,ACCT-000253,savings,USD,2023-01-26T19:41:21Z,active
0ef8130f-6564-55c0-a4e4-9cad2d241b7f,819232e6-430c-567d-a390-4fa4b0e50a8a,ACCT-000254,checking,USD,2025-10-28T19:41:21Z,active
e9e5a862-207d-597e-a048-262803fcb46c,4a051bb9-77b3-52fb-bed0-847fcad0ac2d,ACCT-000255,credit_card,USD,2022-07-02T19:41:21Z,active
86016c64-c135-5c05-be60-2913de461978,c1cc6f08-948d-53a6-a878-e10797d07fc5,ACCT-000256,credit_card,USD,2024-07-04T19:41:21Z,active
b0451391-d4e0-5ce4-b879-bd0f3200c6e5,b4878303-9ba5-5dcb-ac0e-a43313d2edac,ACCT-000257,checking,USD,2025-12-18T19:41:21Z,active
638371db-f9cb-5d83-915b-a9c3c76e3aaf,94589ad0-bc59-5f11-a043-5321878e9bc7,ACCT-000258,credit_card,USD,2021-10-05T19:41:21Z,active
7331e5d2-50fb-5df0-947d-e6c0737c203a,f5bdded4-be0c-5efe-ad5d-2ae968f79c2e,ACCT-000259,credit_card,USD,2022-05-15T19:41:21Z,active
ef0f8767-2788-5097-84b5-502befded852,c9d5af1f-b1c6-5713-85d8-87663899f821,ACCT-000260,credit_card,USD,2024-06-23T19:41:21Z,active
aac5fa96-bb24-55f2-9455-43e758b90fbf,7e1846c8-4181-5de1-8f1f-fe341afb319f,ACCT-000261,checking,USD,2022-08-15T19:41:21Z,active
aa970527-c0cf-535e-983b-9596654b33da,306631d9-d85b-55ac-8617-74a7ba2ecf42,ACCT-000262,checking,USD,2022-09-06T19:41:21Z,active
5c13edef-f13c-5f12-b0ae-a74940dcf4e5,6dba22b5-fef8-5fb4-a07c-7dd40753c8fd,ACCT-000263,checking,USD,2023-01-18T19:41:21Z,active
6a915a7b-a266-55a1-b4e9-afcf9e0d7a7f,4f9e5074-8bf6-54c6-a9ad-b63f440bb3fd,ACCT-000264,credit_card,USD,2023-04-05T19:41:21Z,active
55036053-ca6b-592d-9855-59d34b205445,d3fce4ba-5d7b-519a-83c9-a1d3958d8e09,ACCT-000265,checking,USD,2021-12-07T19:41:21Z,active
7c97fd0f-f41d-55fd-afc5-696822d4820d,6643d1f1-6607-5685-8841-48cfb2ff5b35,ACCT-000266,checking,USD,2023-03-01T19:41:21Z,active
ca3a65c9-44a5-5523-8385-c17334586f5f,f054b566-4a85-5a74-bf03-a6653833bec6,ACCT-000267,checking,USD,2021-12-13T19:41:21Z,active
454a89c0-7863-5b77-a029-0c14cef92d00,7b94e76b-c878-533a-9fb5-58260e21fbf5,ACCT-000268,checking,USD,2023-08-04T19:41:21Z,active
091fa46a-469e-5801-a890-acb34aa893fd,75a59cd3-ab49-5cc9-b254-5a380f110e94,ACCT-000269,checking,USD,2021-07-05T19:41:21Z,active
7832cf70-08f0-5584-8a87-07c9f02477bf,135c9326-e51d-50de-8c43-56a3ad2d4898,ACCT-000270,credit_card,USD,2023-08-28T19:41:21Z,active
e93403b3-89f8-50bc-9e53-fc7c164a8c3f,c3ae3435-d554-5fd0-b257-7c4721eca684,ACCT-000271,credit_card,USD,2021-11-06T19:41:21Z,active
d3fc6943-421c-529e-a521-5b577e0fa19e,a251b40b-a70e-58ef-be56-d9a1896bcbe3,ACCT-000272,checking,USD,2023-05-05T19:41:21Z,active
bf90f861-de89-5d87-8a6f-8cb3d333826a,d5f3eda0-f0d2-5fe7-a47f-8273984a31df,ACCT-000273,checking,USD,2024-09-01T19:41:21Z,active
9d52ec2a-6c29-5f97-9706-aa023ac12981,eb5b70b8-1045-5c26-80e3-b29379202a0e,ACCT-000274,checking,USD,2023-07-29T19:41:21Z,active
ce87608f-b638-559d-b4ab-3bfb84934d04,11071928-e293-5850-8236-86d37eae1815,ACCT-000275,credit_card,USD,2022-09-13T19:41:21Z,active
b236ad87-c62a-5e5b-a167-394ac7b10bed,3e7b559d-8381-593a-9b96-c4e63f2e3d9a,ACCT-000276,checking,USD,2025-08-29T19:41:21Z,active
02909971-2239-5e8a-a38e-0fd87dfe152d,f630fd2e-7356-5d7e-88e3-5040933e4184,ACCT-000277,credit_card,USD,2025-11-12T19:41:21Z,active
dbbaf274-532b-5039-b8a7-2374303581b6,4e68ecc8-dae5-57b8-a2b9-f7965cc18bda,ACCT-000278,savings,USD,2025-07-02T19:41:21Z,active
e9d94977-8536-5474-915d-f3e1d55b59d8,b3bb27ba-fa72-50b7-9da4-827690e882b8,ACCT-000279,credit_card,USD,2021-11-13T19:41:21Z,active
f89cd0fe-0307-5fcf-9233-74ac498117da,d9642a53-a8b8-50c0-a21d-fd9e36cb232a,ACCT-000280,checking,USD,2025-08-17T19:41:21Z,active
0c88d4df-2205-5262-962a-367bc69b127f,711abe51-f854-5887-b028-7f1d76975ae6,ACCT-000281,checking,USD,2022-06-02T19:41:21Z,active
a41a3202-b525-5e62-bb36-ab8cba6e3459,90478650-a805-56b3-98b1-c7c5c75cc8b1,ACCT-000282,credit_card,USD,2024-04-09T19:41:21Z,active
cd66f0d5-2e71-5816-b1f4-67920d8f2ffb,56aace19-8ffa-5a2e-9e54-934683cea6bd,ACCT-000283,credit_card,USD,2024-12-09T19:41:21Z,active
d4c01240-e540-5d07-a36c-b6f6a975a636,00273991-9608-5914-b98d-54095063c7ce,ACCT-000284,checking,USD,2025-02-06T19:41:21Z,active
dd22812a-9289-5242-9e0d-00547e94069c,a9a8b2b9-cb42-5889-a9a7-dec2b8d5c769,ACCT-000285,checking,USD,2021-07-10T19:41:21Z,active
4ad56bd4-04a4-57de-84aa-a05964dd842e,b25bfd56-e01b-511f-a67c-1095c78d5b5a,ACCT-000286,savings,USD,2022-03-29T19:41:21Z,active
51d79a0d-d12c-5343-a9de-93e0c02a9948,56b9cc9f-ea3d-5001-8ca1-0ced07a536df,ACCT-000287,checking,USD,2023-10-07T19:41:21Z,active
19e876ea-e752-5315-9eff-7fbd7e88c7d1,7a2bd257-d07a-5298-a68c-a19b2fdc89e1,ACCT-000288,checking,USD,2022-01-05T19:41:21Z,active
2dfdeeac-3796-579f-85f8-44b2c8832a45,5e464095-fcba-5aa5-b87e-bd98b8c36f05,ACCT-000289,checking,USD,2023-05-31T19:41:21Z,active
2f595843-8b8c-5d48-97be-9356ad4f1335,ebe66954-db2d-5e06-8d6e-851307f82fb8,ACCT-000290,checking,USD,2024-07-08T19:41:21Z,active
69623a5b-cea2-53d0-9044-90ce5af7510f,62866d85-2372-526f-9851-f1a66ae894c1,ACCT-000291,credit_card,USD,2025-04-09T19:41:21Z,active
e3914450-f041-5794-9a78-2eddd5a751cb,2689217a-5d4c-50b1-bcf2-677a49bacb6b,ACCT-000292,credit_card,USD,2023-11-07T19:41:21Z,active
54c55787-f07c-5d20-8dbc-a095a9d3af88,db3a25bf-230a-572b-92b8-9b3993cceccc,ACCT-000293,checking,USD,2024-09-30T19:41:21Z,active
68a84168-3857-5715-a5a2-e2e82095e087,d4a538b0-750b-5342-93fa-382e734d80fb,ACCT-000294,savings,USD,2025-04-19T19:41:21Z,active
b481c644-b6a3-5f68-8bba-b8f46bb21d8f,93ded847-a201-5981-ab8e-ab7f761abee5,ACCT-000295,savings,USD,2022-02-04T19:41:21Z,active
cc20b399-e3ff-566e-baca-bd46da3304ce,3fe31ea7-ccf7-56f5-a2bf-6c444f1011a3,ACCT-000296,checking,USD,2024-05-12T19:41:21Z,active
977e8fbf-71eb-5b13-80bd-8843a80b8ee7,1897fd40-95d3-5fad-ad16-292634452c5c,ACCT-000297,checking,USD,2022-04-23T19:41:21Z,active
658eff13-e24e-5f87-8bec-8a9e87ac55a2,6b7932da-2941-5893-9537-8eeea5192821,ACCT-000298,savings,USD,2025-03-03T19:41:21Z,active
67b1721b-ed46-5275-90ed-076a7ce6e177,4d3da10b-d7e9-5e91-aff6-9f10210185c0,ACCT-000299,checking,USD,2023-03-16T19:41:21Z,active
d15a0409-a6c7-51f2-8994-66944c71b75d,7b71903e-1d54-55e6-a6cb-66e19b3e9bad,ACCT-000300,credit_card,USD,2022-10-06T19:41:21Z,active
1105e265-eff4-598a-89ba-04001f308823,97e905db-7013-5143-98d4-c81b30c43edb,ACCT-000301,checking,USD,2024-08-28T19:41:21Z,active
a1a4bae0-e56d-5ff8-8784-e0ffbae3e2fa,a6950fbf-447b-58c9-8eac-8baf4fdd2842,ACCT-000302,checking,USD,2023-05-25T19:41:21Z,active
da7867c1-41be-5a88-9e3c-d5da01137cfa,9f164493-e026-5d23-b6a8-d42fffb93c00,ACCT-000303,savings,USD,2023-08-22T19:41:21Z,active
66e98f67-ee73-5e57-81ca-9ecd347b0f46,819e0639-99b5-57eb-add7-0aefe4dc8fc6,ACCT-000304,credit_card,USD,2022-01-08T19:41:21Z,active
e7d0bb39-5fa9-58ed-bb49-df5abc78a46c,0b9762bd-44b4-59cc-a62a-ef8ec00c7cae,ACCT-000305,credit_card,USD,2024-05-04T19:41:21Z,active
8af5fb12-ee95-5281-94a0-8ec3aac45f18,b95c9772-86cf-5c22-b5af-c300716a07b2,ACCT-000306,checking,USD,2025-04-06T19:41:21Z,active
b749390e-d531-552c-a576-9b7a52e39b68,353fefee-3ad5-5b11-81f5-5da9a0887dd7,ACCT-000307,credit_card,USD,2022-04-06T19:41:21Z,active
62993a40-793f-556e-bcd4-22303220df12,7140688e-9227-574b-9f97-fd03c55364ca,ACCT-000308,credit_card,USD,2026-03-21T19:41:21Z,active
344c3dac-f87a-5721-b5f0-4a9feed4a12b,a0b1ad23-c4d2-54d8-83af-27e820d9e98f,ACCT-000309,credit_card,USD,2023-01-04T19:41:21Z,active
ce1847ff-0ad5-5adc-bcf2-463e361429b8,a70e723c-9693-5be1-8b03-0d78072b4f0f,ACCT-000310,checking,USD,2022-07-15T19:41:21Z,active
5a731023-5808-5965-b505-9995639bbbef,26492796-ec61-5c87-a43f-2123046b27ad,ACCT-000311,checking,USD,2025-08-31T19:41:21Z,active
e7bdf141-1fab-5cda-9048-c9036d3ec14d,6cd5a816-8d6a-5b8b-baac-a5920dd987ea,ACCT-000312,savings,USD,2023-03-09T19:41:21Z,active
5f08a43c-b19c-5c6f-8d17-ad84b9b802b8,b170378d-8390-5fa0-b5b2-18bad4841805,ACCT-000313,credit_card,USD,2024-01-21T19:41:21Z,active
5c862f2e-fe40-5780-b1d5-2261df9cc066,8f4fd3c6-7aba-527f-85a9-3f3a011d5b50,ACCT-000314,checking,USD,2022-05-23T19:41:21Z,active
2e9e074c-a165-533a-9dae-531554e2f767,012b7d45-d7df-56f1-b278-9e1841d43747,ACCT-000315,savings,USD,2026-01-29T19:41:21Z,active
ea597338-d257-5223-aba4-c9802bd4b8e3,284fb677-f73f-5578-ae42-b6a38e77148f,ACCT-000316,credit_card,USD,2022-08-19T19:41:21Z,active
c9b4ce59-ec16-5aac-a5d6-0402cc7e4304,364a6036-ab13-58ab-bc20-dca9848273fd,ACCT-000317,checking,USD,2025-01-03T19:41:21Z,active
65d8db37-2e41-5ee9-919a-75f110ed2a9a,8c5883cf-7eb2-5657-8c98-6b2b07656df0,ACCT-000318,checking,USD,2026-03-09T19:41:21Z,active
dcda9d9f-5e9e-526e-9372-2d9c4e62b80f,f47581f3-0e1c-518b-ba3c-1ffb73d0bf76,ACCT-000319,credit_card,USD,2024-01-28T19:41:21Z,active
4b09d7b2-cf8d-5132-92c2-fc703f9ebfb0,e2f0a71c-40d8-5c34-a4d0-38fcf5ef75bd,ACCT-000320,credit_card,USD,2025-06-24T19:41:21Z,active
79cc53e3-edda-52d0-be31-867e3b2f1e44,d1200270-f7e3-5fe6-a4cb-dd23e9718a31,ACCT-000321,checking,USD,2021-10-04T19:41:21Z,active
80e15c43-5053-5d09-91d7-5d837117902f,f52953ea-696f-5f7e-9554-e129dd76718d,ACCT-000322,checking,USD,2025-10-26T19:41:21Z,active
36fc7437-3cea-5b35-a830-43f3e0abbf2f,62b36527-6dd1-5626-9d26-b4ba84624af3,ACCT-000323,credit_card,USD,2021-09-16T19:41:21Z,active
1fd0ba42-d5e6-5bd5-a3b5-e848c913e6ef,0f14916c-f199-5b57-9bd9-6d5d8ee1c175,ACCT-000324,credit_card,USD,2023-06-05T19:41:21Z,active
d38abce6-1775-5a5c-b4e7-942828545e22,b88fbd59-2b41-5393-9f2d-64ada059b15b,ACCT-000325,checking,USD,2023-03-10T19:41:21Z,active
7e247644-9b43-5cfd-9ff4-6d61333eae08,48116e0d-e79b-527f-9e8e-06ce10c058f1,ACCT-000326,checking,USD,2024-09-28T19:41:21Z,active
47cb347c-a14d-5bba-9181-c4254f4691cf,0d90c42e-fc1e-54e7-805a-19f6a9549072,ACCT-000327,credit_card,USD,2024-04-09T19:41:21Z,active
cf18306a-fee7-5258-9dc1-139d282183b7,4e36080c-a4e5-5510-a910-3ca162e95fe7,ACCT-000328,checking,USD,2022-07-23T19:41:21Z,active
7b7ddd4f-9e5a-5cfc-b0e2-ed11c0710e9f,f57580a5-5da3-5cd6-816f-d3a50be849fc,ACCT-000329,savings,USD,2024-07-19T19:41:21Z,active
29a17261-2eae-5915-a086-3a10cf18a775,627fefba-f7ef-5e77-86e5-61066a0c3cbf,ACCT-000330,credit_card,USD,2025-04-06T19:41:21Z,active
739be524-7ae3-5152-9f3a-4a1c829bca2b,0ff66472-3540-51f2-957d-6ee46588a8ec,ACCT-000331,savings,USD,2021-09-19T19:41:21Z,active
94ebcf6d-3a10-5f31-a2da-5ce9e60dc0bd,1f8c59c0-300c-57de-8d5d-6982a5a17749,ACCT-000332,checking,USD,2025-11-20T19:41:21Z,active
204acdea-0b11-59ac-bcdd-489ab19eb3a0,7f41c801-3326-5ce0-9bd5-940692926cd4,ACCT-000333,checking,USD,2024-01-25T19:41:21Z,active
b5ed50cd-fce3-5228-a329-487df5f37c4d,0433004b-2905-5f2d-bb8d-6d2553817caa,ACCT-000334,checking,USD,2021-09-02T19:41:21Z,active
f6f6d36b-76d4-5c3e-a356-41e2ed8f30aa,a9f5a8fb-b7e3-570d-b6da-5b15b3f14ea8,ACCT-000335,checking,USD,2023-07-30T19:41:21Z,active
e843ef18-9f5c-5856-b56f-2b09d0fb1cd8,8d36a313-6547-5e0e-972b-a8a383bbb1f1,ACCT-000336,credit_card,USD,2025-10-27T19:41:21Z,active
96783d7a-9aa0-57d9-8fcf-6e14d892271a,d3cf0b94-2308-57bb-8a70-c53c8b3a93a7,ACCT-000337,credit_card,USD,2021-10-02T19:41:21Z,active
7979395f-9a53-5b04-8f3c-42a107ab4ad6,a5d3c834-77f9-5e65-83aa-2c21386ca094,ACCT-000338,checking,USD,2021-10-01T19:41:21Z,active
f7d8b741-f157-5286-afcf-d48b16204e15,33216336-e935-5188-b0be-4712502021ec,ACCT-000339,checking,USD,2025-04-17T19:41:21Z,active
58af5ef8-38ee-53fe-bbaf-f919a3d652cf,80826d24-2603-5afd-8a2a-7cf29970583b,ACCT-000340,credit_card,USD,2024-06-17T19:41:21Z,active
162601be-f9a5-5c28-866b-e134c36ce09a,9ecb8037-347e-50e2-8db3-5060083cde09,ACCT-000341,checking,USD,2022-10-24T19:41:21Z,active
e0a98149-884d-576f-bf93-d224976055fd,44c58a5c-f75d-5e3d-8e57-5ac076c2b769,ACCT-000342,checking,USD,2025-03-05T19:41:21Z,active
e202b61e-1829-5696-878b-c4f14150e750,b306f1a7-7d93-567d-a202-76bc267c77e0,ACCT-000343,checking,USD,2021-08-30T19:41:21Z,active
737776f2-fce6-54d8-8269-8b371d35b292,a2a63b4a-aac6-50e2-9df4-263204f0ea51,ACCT-000344,credit_card,USD,2021-07-29T19:41:21Z,active
a827c3fe-849d-5ef0-8765-f055ca2960a2,0d297848-17b5-5ca9-a9ed-7ea84b53efc0,ACCT-000345,checking,USD,2023-12-20T19:41:21Z,active
93ed1d70-0198-5c88-98d8-8502a5a423cb,99db000c-83a2-5261-a36a-609ef8bc3bbb,ACCT-000346,savings,USD,2024-01-11T19:41:21Z,active
10a53fed-362d-52c3-ae0b-3dfd09564006,2b36f861-cd57-53cf-ae74-8bc5fa0b23fe,ACCT-000347,credit_card,USD,2023-02-02T19:41:21Z,active
05b0cc1b-6ffa-57b4-b891-59421acc3256,ab6bd6ef-809c-520b-8ada-0fa3892fc9ae,ACCT-000348,credit_card,USD,2023-04-16T19:41:21Z,active
e11cf551-6ae9-5728-ae32-9ea577cf93dd,004b17ba-d7e2-511f-96b7-63adbcbe13f9,ACCT-000349,credit_card,USD,2023-03-28T19:41:21Z,active
2b2a8416-f6ef-59ff-96d0-bcf6ce0c5f9b,0be04eb0-dc24-5299-8913-a64c6f55767d,ACCT-000350,credit_card,USD,2025-01-03T19:41:21Z,active
4f16e4eb-437a-5ed7-9052-5be4c1aefc8e,0b953c48-533d-51b0-98dc-0af09b66d27d,ACCT-000351,checking,USD,2022-04-24T19:41:21Z,active
e857e8d2-459d-5e39-ae54-c1c057906804,56b682a4-5662-5068-ab3b-4bbabe9904ba,ACCT-000352,credit_card,USD,2023-06-17T19:41:21Z,active
0316d318-520d-58f6-b980-5ea138520304,8e45f483-4bdd-5978-8a65-92138ebf0589,ACCT-000353,checking,USD,2024-08-10T19:41:21Z,active
4261025d-bd14-572b-8371-fba81e126096,a9edbd2b-0856-5fe4-a55e-194f9c5592af,ACCT-000354,checking,USD,2021-12-16T19:41:21Z,active
12b84d77-a36f-5e0b-8a3a-73c689997bda,3053a1bd-01ae-590d-9ce3-12fdf584149d,ACCT-000355,checking,USD,2023-04-08T19:41:21Z,active
dba87146-cfca-566a-a6ef-08ae9a05c63d,5796ab3e-39c8-5c29-8504-03f0e3db536a,ACCT-000356,credit_card,USD,2024-12-08T19:41:21Z,active
4b5928ab-bea5-57d1-b4f1-495260222fae,135497b9-6aef-5e19-8a34-3efa8eea0d79,ACCT-000357,credit_card,USD,2025-08-27T19:41:21Z,active
3aa1d797-1882-5de7-8265-57c943962ce8,c9875765-c2b5-56fa-bf9c-b4ecec36e25c,ACCT-000358,credit_card,USD,2026-01-10T19:41:21Z,active
4c5e6375-7f37-5180-8970-a9cde49988c2,5e79f3a4-572f-5048-8f0a-00f24ed7386e,ACCT-000359,checking,USD,2022-01-23T19:41:21Z,active
a7c1cdf0-3545-52f3-a881-e11de6d2c59a,69a8c5de-c5a4-5050-8135-ad0e443b01b7,ACCT-000360,checking,USD,2025-12-23T19:41:21Z,active
7be2ebf5-81de-592a-b2e5-40a19d27a48e,3ad703fd-e0d2-5458-8c69-c87c9c68f77f,ACCT-000361,savings,USD,2022-10-02T19:41:21Z,active
7fe2b827-3041-532b-98bd-977260d80a8a,21e49522-7b19-53b4-b19b-d0835820c75f,ACCT-000362,checking,USD,2023-05-03T19:41:21Z,active
707622ea-22ec-541b-ba15-6c95fab903f0,3af9bc7c-d283-5260-af1e-e8e8d8a7ff63,ACCT-000363,checking,USD,2022-07-13T19:41:21Z,active
16b85c93-4768-57b3-8639-fc9db34eb9de,602213b2-4851-59ae-ac92-719d00d208bb,ACCT-000364,credit_card,USD,2024-10-14T19:41:21Z,active
7fc1b7d2-5472-5a49-aeee-7d4980e19193,876e53bf-d29a-5789-ba36-7b7a515034db,ACCT-000365,credit_card,USD,2023-12-03T19:41:21Z,active
ec75ca47-2efb-5ac1-8fa4-474ba6b41bc1,06a095eb-168c-56ed-8c5b-edfdccf25db0,ACCT-000366,credit_card,USD,2025-04-01T19:41:21Z,active
d4c6199b-871a-5cd5-af45-f71e2a9202a9,fb48688d-8d01-590c-8400-009fd2277d5c,ACCT-000367,checking,USD,2021-12-09T19:41:21Z,active
6af31680-01ad-5042-9e87-4f297447df5d,fadcad0c-9dbd-52c1-b72c-e888a4c84cb3,ACCT-000368,credit_card,USD,2021-07-30T19:41:21Z,active
05376d52-beb3-5e0e-8e55-0fb02c234a16,8a7ff2ae-1968-5118-946d-e286cb590217,ACCT-000369,checking,USD,2022-12-28T19:41:21Z,active
3b2c9af3-c5ba-5ea2-af93-892faca3889b,c7c8c1eb-4320-56e1-ad5c-1c1c1fa33ad2,ACCT-000370,credit_card,USD,2023-06-16T19:41:21Z,active
77ecc4d2-4e2b-581a-9f6a-fcf12b806835,5062201a-a4a5-573b-a481-18e39e8ea82a,ACCT-000371,credit_card,USD,2024-06-17T19:41:21Z,active
fbea38f2-59c8-54e9-8583-4eff828de207,6a19193f-64f4-57fc-aafe-90b84dc6f380,ACCT-000372,checking,USD,2025-08-22T19:41:21Z,active
6344c648-5c92-5fc4-be9d-999bd76c8f6e,0ac703f4-93a1-5669-b334-505a2f256026,ACCT-000373,credit_card,USD,2024-03-10T19:41:21Z,active
9a32ff78-f67e-5aea-8000-3cb92bf083cf,41a26a88-a9f0-50aa-8bd1-a1e4e38ea6d7,ACCT-000374,checking,USD,2023-01-23T19:41:21Z,active
06d31122-da04-583a-ad2c-336dd56817e7,e7e8ace5-46ac-5fff-b602-fb4c0cb90b1d,ACCT-000375,credit_card,USD,2024-03-31T19:41:21Z,active
2c64e99f-0785-59b7-8513-a4705316f728,a9fcf6ea-2b01-58f2-a5e1-945a5801705d,ACCT-000376,credit_card,USD,2023-11-30T19:41:21Z,active
ce7e7891-5582-58e1-b154-025be437108f,e4646b5e-ee3c-5868-9fdc-9d1b4f024a1c,ACCT-000377,checking,USD,2021-10-12T19:41:21Z,active
2d485153-0c7a-5534-a741-a276e49e3471,dd81b91b-a875-5ea7-aa6a-77af576f2785,ACCT-000378,checking,USD,2025-12-12T19:41:21Z,active
a4f4b9fa-87b8-5517-ab68-1d4070f9bb2b,04ccd805-52cd-509c-9634-09bc9308ea2e,ACCT-000379,checking,USD,2022-01-26T19:41:21Z,active
a70d037f-258d-58c8-9c84-e9480de9d67f,26a8922e-c141-5626-9573-e4cab49f26d6,ACCT-000380,checking,USD,2021-08-03T19:41:21Z,active
fb646c66-6c2f-541b-ab28-f2f4197fe3bd,7c5bdbe4-b66d-5fa5-9d1a-25cfd011dbe5,ACCT-000381,checking,USD,2023-11-25T19:41:21Z,active
a31fe0c1-c36e-5a4a-9a9e-65047e20645c,dc8e4ec0-954f-5163-98b3-1d6902f48de7,ACCT-000382,checking,USD,2025-09-25T19:41:21Z,active
ba3bbf02-8507-58ac-87c4-c01ba7e2ca1f,df09f4ed-5869-5da1-81db-1f5fa722449e,ACCT-000383,savings,USD,2025-12-04T19:41:21Z,active
cdd493d2-a7e0-57f2-a5a0-13b5f6872fb2,715dd8e1-1520-5183-884c-8196c048c22c,ACCT-000384,checking,USD,2023-11-17T19:41:21Z,active
5ebf78cc-8196-556b-81b5-1f9a6f24e64d,b22fc5a4-3761-5249-a842-d7444c00738a,ACCT-000385,credit_card,USD,2023-07-28T19:41:21Z,active
80486f22-57b1-5a99-9ca7-fa000dd937e0,9de80d7a-15dd-57d1-b807-d8d7eddf901b,ACCT-000386,credit_card,USD,2022-05-24T19:41:21Z,active
546831b5-2329-548c-b14f-4e97ae0c202b,5f6bc0df-7596-57cc-824c-8217bc4e89cc,ACCT-000387,credit_card,USD,2023-10-14T19:41:21Z,active
e2e5bae5-c257-5a69-9061-cf23e5450bc1,0a16ded7-f672-51b1-b718-74a87ba14464,ACCT-000388,checking,USD,2022-08-11T19:41:21Z,active
bc2e6cb9-8d04-5e72-9d28-7b181d2d80da,cffc7094-4d8f-5bdf-a237-99e6b57921ab,ACCT-000389,credit_card,USD,2025-05-11T19:41:21Z,active
894b71d3-8e71-5a15-884a-9e8f984ec08b,abffa9b2-0274-564f-b102-497a46c66883,ACCT-000390,checking,USD,2025-01-11T19:41:21Z,active
fd17091a-730c-5c50-be64-6c5defdcf185,30137ad1-f164-52ca-8668-3327211b1c9d,ACCT-000391,checking,USD,2025-02-20T19:41:21Z,active
19598d41-4152-57d0-8879-88fe6c4f4095,b29e5160-cd6f-5ae0-a711-f217c5b8353c,ACCT-000392,credit_card,USD,2025-04-30T19:41:21Z,active
61d75b8b-af36-5e5f-8c4f-f30c9dcce961,41643e63-529f-55a6-95aa-ddcbf526d39a,ACCT-000393,checking,USD,2022-01-27T19:41:21Z,active
e9c3f2d8-7d6f-5015-b518-0891c562fa5c,a6dcfe99-993f-5e24-be05-f11468bebf43,ACCT-000394,checking,USD,2024-12-31T19:41:21Z,active
bcdc0e1d-19b3-571a-9970-0d86b5ae3fee,e638abff-fa8f-5daa-8fb6-c03f653f85dc,ACCT-000395,credit_card,USD,2025-10-22T19:41:21Z,active
e709f276-c174-5257-8d41-3c670738536a,4396575d-ee31-53a1-a23f-6e80f371b980,ACCT-000396,credit_card,USD,2024-05-02T19:41:21Z,active
55911573-666d-503c-b3d2-9ddb2eccfa69,55a9d9c6-b581-5e13-8601-05e7453c06e6,ACCT-000397,checking,USD,2023-09-30T19:41:21Z,active
82ec88ce-22a0-52fe-b097-cce5af67f7ff,fffd4cf5-56bf-5524-a3bf-6b75499af1a0,ACCT-000398,credit_card,USD,2022-09-30T19:41:21Z,active
ded53bc0-90ad-5910-b9f6-afe9f9bdd0d2,f14b8754-80ad-5b80-814a-5b32fa22da29,ACCT-000399,checking,USD,2022-12-20T19:41:21Z,active
f81470ad-e34c-51ba-ba5c-6a0c145160d7,da21e16d-1e82-5ed8-b332-1904672f0740,ACCT-000400,credit_card,USD,2022-02-04T19:41:21Z,active
4536e984-e3a8-5bda-bc82-f3914c6a6597,35a847bc-e062-5dc7-81f1-8f4c82c60c2b,ACCT-000401,checking,USD,2024-03-26T19:41:21Z,active
163938bd-f6cc-501b-9b36-1cadc7586ca8,bed287f8-5976-5af9-ae2b-54a06f2a69ca,ACCT-000402,checking,USD,2024-03-10T19:41:21Z,active
8a6d5c6c-66fa-5421-b781-6e71b28e6263,a51008f6-6d5f-5211-b691-ffcc2688d683,ACCT-000403,checking,USD,2023-11-28T19:41:21Z,active
fab30f63-b34c-51e7-a394-b27843917a7d,8b2a15df-4e51-53e8-8132-8aec332fa103,ACCT-000404,checking,USD,2023-10-22T19:41:21Z,active
0ef1e2e3-7bad-5e2d-b502-002dbcd4fa3a,be2ee2f8-2d11-5c36-91dc-c9b161a18e26,ACCT-000405,checking,USD,2022-08-09T19:41:21Z,active
02c1f66a-9150-5ea0-bef0-ebcea9051e4e,174dc957-806d-566e-9ac1-b69edb2a9497,ACCT-000406,credit_card,USD,2025-06-11T19:41:21Z,active
7bae8762-1f00-5866-8b82-688426ed271e,641886ee-c593-571a-912d-51868fe16c03,ACCT-000407,credit_card,USD,2024-11-30T19:41:21Z,active
c21459ad-0eb8-5946-adbd-e95b8e9006c4,af343b79-9525-5db6-bb5f-d61a9fc1c3e1,ACCT-000408,checking,USD,2023-04-29T19:41:21Z,active
39a5309c-c1b3-5340-b363-3ebf85a88539,df948460-036c-5c6d-a879-48c8f1ef0627,ACCT-000409,credit_card,USD,2026-01-09T19:41:21Z,active
7c12f1a9-9fb8-5cee-9a31-d92d3592b8a3,9ba78981-4e7d-5c2c-af87-029bfe68b582,ACCT-000410,savings,USD,2022-02-05T19:41:21Z,active
a98d3b18-3182-5807-b700-bcc543852e7f,df4e755c-dace-52a1-999d-eccd0637ad67,ACCT-000411,credit_card,USD,2025-03-08T19:41:21Z,active
99a76cf2-7f67-52e6-8a1e-905d60a8ea00,c72cc77d-1b51-5164-9333-aa743caceada,ACCT-000412,checking,USD,2022-10-27T19:41:21Z,active
ec6eb617-f6a7-542e-b91b-80bc8664a535,95282c3e-ebee-57f7-8229-899311c66dd7,ACCT-000413,credit_card,USD,2023-01-04T19:41:21Z,active
a49a5a4d-2948-55cc-84cf-532355fc4637,54bca0c0-2dcf-5cf3-8bac-c6f579f81c1b,ACCT-000414,credit_card,USD,2023-03-20T19:41:21Z,active
0255a3bf-94bc-5940-8d57-fd0042fade06,ac7a33e2-891f-50d0-a966-c85979bcf253,ACCT-000415,checking,USD,2024-11-22T19:41:21Z,active
48d6abc8-eb85-54bd-8e76-2eeab62d32d6,1b4ae15c-7bcb-5209-a426-3cafec3a60b8,ACCT-000416,credit_card,USD,2023-05-31T19:41:21Z,active
c30c686f-9397-536c-8be2-7388cca580e0,87bce80f-1cdc-58f1-bc5b-52259b49ef20,ACCT-000417,checking,USD,2022-09-14T19:41:21Z,active
91c919f4-0449-5ebc-b3ab-a6025f0af3cf,fdb364b8-a5f2-5c96-a0d0-863c31953ee7,ACCT-000418,checking,USD,2024-12-14T19:41:21Z,active
d0c8ba49-0262-51bd-b9be-d15ebd283bc2,c438b3ff-8105-5c01-921d-2e613878a26a,ACCT-000419,credit_card,USD,2023-05-24T19:41:21Z,active
a8255d25-ef6f-5b38-94b3-4dfafcad0dc5,b006e9b8-c3f2-5cf6-b50b-8353edd5945d,ACCT-000420,checking,USD,2023-03-28T19:41:21Z,active
43f0ed1c-c7b7-5186-a314-682ffb8c680d,af075d7c-9d82-568f-8228-4a7daf345f21,ACCT-000421,credit_card,USD,2023-06-13T19:41:21Z,active
51ae9e2b-d418-549d-903f-cf8e55291a05,f3c2bf4a-6dea-565d-81f6-43c5badd15de,ACCT-000422,credit_card,USD,2023-07-27T19:41:21Z,active
f1619700-0a9f-500b-b9db-25f2cbb474d9,9d6a7f9e-42d1-5251-bc1e-94183ef0ea98,ACCT-000423,checking,USD,2025-01-24T19:41:21Z,active
89442c34-f248-5fb0-bdf2-3463a8e701b2,56a27633-dffa-57bd-b7f7-7a6db25d6221,ACCT-000424,checking,USD,2022-09-09T19:41:21Z,active
de417582-e8f2-52e1-b6fe-6f2245845307,e2765f20-12a3-595b-8182-433f207a1af5,ACCT-000425,checking,USD,2023-08-01T19:41:21Z,active
11c3ca1a-2e0f-56fc-abdf-961a8fb5d0fc,65d2d63b-9083-53bf-97dd-d9f5e86ca0e3,ACCT-000426,checking,USD,2024-04-22T19:41:21Z,active
4913cb69-da3e-5e67-9e56-5a3fed1b5ce8,37349ce5-3292-5762-bbae-504fdf490d31,ACCT-000427,credit_card,USD,2025-09-19T19:41:21Z,active
0f8571d3-29ff-54a8-b10b-d9f55139bd51,11741ef1-6c62-5c18-82ad-6006efc7837d,ACCT-000428,credit_card,USD,2025-03-24T19:41:21Z,active
152d7595-df5d-5784-bafc-d99709276799,d6bc8f6d-341b-5a57-8c85-9ddbb7bd8ce7,ACCT-000429,checking,USD,2024-03-12T19:41:21Z,active
6457d9ac-bbec-5a50-8ce8-54584c5bc06a,1d8c1faf-d989-53dc-a599-2461198f38fe,ACCT-000430,credit_card,USD,2025-05-06T19:41:21Z,active
e93436f7-dc7c-5257-9cde-9a2cf95b82a1,f4ed0fd0-2bcb-5168-bc96-94e359712420,ACCT-000431,checking,USD,2022-02-24T19:41:21Z,active
7fcf7902-d58a-5f5f-aae6-6e8a5e68404f,9081c953-a310-522b-935d-8ba52a37b934,ACCT-000432,savings,USD,2025-09-30T19:41:21Z,active
087b4ca2-14f5-5b2b-808c-6a99eb0d4b2d,817727e4-784f-5694-994d-004024fe064a,ACCT-000433,checking,USD,2023-11-22T19:41:21Z,active
5150f792-ba32-5ed4-b6d2-eec9eb7bcbc9,a46fcfd3-50eb-565a-9bda-ea746619fdcf,ACCT-000434,checking,USD,2023-11-05T19:41:21Z,active
2850a870-1f15-5aa6-8442-3a50260ea181,aef8690e-dbce-52b4-b1c1-c120b2ccfbe3,ACCT-000435,credit_card,USD,2026-01-12T19:41:21Z,active
a570ec47-8ab0-5b05-bdb8-0cb9c653c0f0,13609749-f5cd-5d51-b926-b7e51b7318d7,ACCT-000436,credit_card,USD,2024-01-07T19:41:21Z,active
8421a43a-94b1-520f-ab87-482eb686ae7f,fa35aa6d-326b-599c-b695-6404681b19bf,ACCT-000437,checking,USD,2024-06-26T19:41:21Z,active
a8038da3-35a6-5564-bd4f-daf0771905d5,56ce5d36-5232-5e0c-86c7-ae1435d491b1,ACCT-000438,checking,USD,2024-07-20T19:41:21Z,active
a869525f-efed-5d02-9d17-ea9a09a938b0,fc09c18e-502b-503d-8eaa-35c4f71994f0,ACCT-000439,savings,USD,2021-09-14T19:41:21Z,active
f2805b72-e616-5fe8-b0f5-63b1d46fb653,f0571266-b30d-57db-a691-9cf26b21c95e,ACCT-000440,checking,USD,2025-06-03T19:41:21Z,active
39ad561b-1b46-50f2-bbbb-4861daaec8f9,c6bc4233-9766-5611-b7a8-4d98c02a3f9f,ACCT-000441,credit_card,USD,2022-09-08T19:41:21Z,active
64876a16-8f0d-5ba5-92e9-8ad1a73b712b,548b46ce-a63c-5fa4-9552-d4410e808b7e,ACCT-000442,credit_card,USD,2025-04-19T19:41:21Z,active
96dd91bd-b37c-5d75-a94b-d0d41d389698,560618ed-f67e-5303-818e-24cbbedbf952,ACCT-000443,checking,USD,2023-12-04T19:41:21Z,active
067dfb1c-36d8-5166-9cd0-97af29e8ed3f,18aeec14-1ab2-5628-8dd7-ded8407dd868,ACCT-000444,credit_card,USD,2023-05-04T19:41:21Z,active
e9884f03-f679-5b7b-9197-009ab2ccf69f,d0a9a76e-70ff-5e98-9a41-d3dc69fffe2e,ACCT-000445,credit_card,USD,2021-07-28T19:41:21Z,active
b31efe66-4d58-55c5-be8b-f9ca201405d2,66fa41a1-e3a5-5436-aea4-12b2f0b3852a,ACCT-000446,checking,USD,2021-08-03T19:41:21Z,active
87c9c399-f520-5087-9e6e-c454fa87fd51,53084b93-e9fd-5e10-896d-1eb495ce75f7,ACCT-000447,credit_card,USD,2023-10-19T19:41:21Z,active
45c45ca4-c76a-5c95-9174-6d77b600d40b,974f763b-9230-518a-b8fd-856274da6ef3,ACCT-000448,checking,USD,2025-06-09T19:41:21Z,active
a1089a40-e9bc-5cec-a48c-c268dfea54ec,3c14ec3a-8776-592e-a666-433523c59fb5,ACCT-000449,checking,USD,2025-09-09T19:41:21Z,active
96db1d25-427e-55cf-acc1-44ce6ff8da4d,c966a7e6-2d80-565f-9177-386dc7628228,ACCT-000450,savings,USD,2021-12-02T19:41:21Z,active
affe504d-8fb4-5e10-b481-adbf82065b12,ddcd7ec3-2e09-5147-85c6-7db644fa4a90,ACCT-000451,checking,USD,2021-11-10T19:41:21Z,active
76c7c487-4b40-577a-9455-8975c54c6d19,f1ffacb8-6b06-510d-b03c-482e063a1421,ACCT-000452,credit_card,USD,2024-09-08T19:41:21Z,active
d5d2f877-7119-5821-9c2d-76e58aa44616,841917f4-b904-5477-849e-0699881e49d2,ACCT-000453,checking,USD,2024-07-13T19:41:21Z,active
ae082498-90c5-570c-a298-61a670ea68c6,8462e54b-136d-5744-8022-a37613b96a0a,ACCT-000454,credit_card,USD,2022-06-29T19:41:21Z,active
1b1c5cbd-1295-5487-9136-f454f8e5d7bc,2b24a42f-72da-55ab-9745-2d6e4c543b2c,ACCT-000455,credit_card,USD,2024-03-06T19:41:21Z,active
5cff9140-1161-565a-bf0c-32a7063e05be,86ce5d6b-0459-59bd-8061-9786509a95a7,ACCT-000456,credit_card,USD,2026-02-14T19:41:21Z,active
dd76104f-8b27-5032-a07a-0398dbc804bb,23f368a8-d43b-5392-be49-54185ef83950,ACCT-000457,credit_card,USD,2025-11-06T19:41:21Z,active
81950591-3634-5ff1-a504-274064c35f47,e806891e-713c-5670-97a4-ed17073617e4,ACCT-000458,credit_card,USD,2023-04-26T19:41:21Z,active
7ed80314-b47a-58e5-a6f7-0dd08ea00d00,12ecf1f9-775b-5b53-9d3c-441f79e7f162,ACCT-000459,credit_card,USD,2021-06-23T19:41:21Z,active
1dc3eee2-66e9-5e89-9e3d-06109a3b02b9,b48c29a5-0b78-580b-8a25-0a0412101ff5,ACCT-000460,credit_card,USD,2025-04-08T19:41:21Z,active
a71541f1-bae9-5b7b-9612-31497e850620,6aeb7315-499b-59dc-a6e2-c64fd78476cf,ACCT-000461,checking,USD,2023-11-23T19:41:21Z,active
d3da068b-7cad-5568-a99f-4a4b42a50b30,1f9ca0b4-5fc0-5eb6-9fbb-246ca5846a2c,ACCT-000462,checking,USD,2021-07-20T19:41:21Z,active
b2d25630-89e3-5801-bbdf-409532b87681,8462ed4b-25fa-58bf-9252-363c617eb628,ACCT-000463,credit_card,USD,2026-02-26T19:41:21Z,active
7f353c3b-5b07-5937-9f9b-ad25410e7972,d6671393-39b8-5040-aa3c-996dbe952740,ACCT-000464,credit_card,USD,2024-07-28T19:41:21Z,active
61fe2e82-ed9e-5f8f-a582-1da60aa78c39,de0ca14b-5c6b-5b2a-9dfb-e4260953722f,ACCT-000465,checking,USD,2022-03-06T19:41:21Z,active
fcd4b7e6-5fab-586a-aea2-6fb58cd6b18a,fa34fdc1-666c-5a81-9164-e8aaf5f3dad5,ACCT-000466,credit_card,USD,2025-08-18T19:41:21Z,active
92a9036f-986a-5ad3-b421-052d4754bd6e,09ccfbc6-89b8-59c0-bd3a-91e2d12c8f66,ACCT-000467,checking,USD,2024-06-04T19:41:21Z,active
b0768047-1ffe-5fb3-8e5b-6e6835f5a8c5,5905676e-d246-5799-8f57-2d15dbfa7100,ACCT-000468,checking,USD,2025-01-27T19:41:21Z,active
091a2111-9540-5f45-8602-7c0c3c8dad92,7a2b3a88-91e9-53fc-a347-19ce4b82f843,ACCT-000469,savings,USD,2025-10-01T19:41:21Z,active
1de69f8b-26ac-5060-a17c-e80f1ddc83b1,317d2287-a07a-5865-83f0-18e34b59184a,ACCT-000470,credit_card,USD,2025-06-04T19:41:21Z,active
efc0e704-b587-53cc-aea3-a7940a3e4fa8,1b28701f-d1fe-5fb6-82cf-bc73a75609e0,ACCT-000471,checking,USD,2025-01-29T19:41:21Z,active
401406bf-94ec-5c97-be81-22fa9d2f5801,6c4aec3d-ef3c-5c54-aa71-a76bf73759cc,ACCT-000472,checking,USD,2022-09-24T19:41:21Z,active
e778c44c-f917-57ce-83c8-45971301e0e5,1ec20104-ff16-5fe4-a07f-93242bf5a541,ACCT-000473,checking,USD,2026-04-06T19:41:21Z,active
bea58432-7a02-5d94-9ab6-bcbd0e51ecc4,9777940e-474d-5459-8b77-2c5c522bb23e,ACCT-000474,checking,USD,2024-01-30T19:41:21Z,active
bc2fdb61-9fd6-511b-abb1-cf18f3611e9e,14c58657-fde7-5a87-b306-6ba457244e7c,ACCT-000475,checking,USD,2021-10-16T19:41:21Z,active
7d02d54f-9ed7-59a4-82c9-b7ec8f64bbae,98e40776-d173-5932-90c5-d1a3ced51b6e,ACCT-000476,credit_card,USD,2022-02-08T19:41:21Z,active
2a0160fb-2a82-543a-8416-ce9e60fad444,df3ebbb0-fc6d-5820-96e7-6fb031299e42,ACCT-000477,checking,USD,2023-07-25T19:41:21Z,active
02e2276a-d2cf-5042-a30d-9bb208dae1d9,cb3dac18-4594-5f66-9a85-1772694faa9a,ACCT-000478,checking,USD,2024-10-06T19:41:21Z,active
abd4991e-e73a-5250-b5da-6f62d9fce67f,4241f8d7-1651-56f6-81a3-d866683e7fa3,ACCT-000479,checking,USD,2023-11-24T19:41:21Z,active
414fefc1-a3fb-5f5e-9c2d-0758087bf809,1fac3cdd-8077-530f-a37c-eaabb301629e,ACCT-000480,checking,USD,2022-07-06T19:41:21Z,active
aa885130-7804-5968-9e29-9cab6a35d650,9bbb1807-f1ce-5620-88f9-35d77db433c6,ACCT-000481,credit_card,USD,2022-10-10T19:41:21Z,active
350cc917-46e7-5f80-a684-9efb86f9f784,5105eaca-068c-5a3c-a15c-3dd8438842f1,ACCT-000482,credit_card,USD,2026-03-19T19:41:21Z,active
60c3a06d-ef1e-5a99-bb32-2a3d90eb0c7c,709938ce-2725-561e-8802-65ba892b7fb7,ACCT-000483,savings,USD,2025-09-30T19:41:21Z,active
3000ada7-923a-5169-b137-aae8c36c7df2,bb578f60-33a4-5dc0-9eb6-c08973296df2,ACCT-000484,checking,USD,2022-08-05T19:41:21Z,active
08ec47db-4af2-562b-bbea-e421696259f5,3516ac8c-30c6-56e5-a428-faf150985865,ACCT-000485,checking,USD,2024-08-14T19:41:21Z,active
673dcb91-392e-52b6-a65a-977c88b1b54d,dbaa0158-3edd-5be6-844a-c8c79aee7902,ACCT-000486,checking,USD,2023-07-31T19:41:21Z,active
1b240c13-f5f3-56c2-84a3-d719f8de88c0,f2893a82-70c7-5854-a9a5-259dfae0bd0d,ACCT-000487,credit_card,USD,2022-03-16T19:41:21Z,active
8b5eb92d-8e31-5207-9771-81faf8ec9700,45cd0ba4-dc18-5c38-a139-ccb7a3c2294e,ACCT-000488,credit_card,USD,2023-12-31T19:41:21Z,active
3e068ff5-51e7-51f4-a179-7b2458a5d3d0,b4798183-86a1-5abc-9137-e0d90532084a,ACCT-000489,credit_card,USD,2023-09-21T19:41:21Z,active
23cf054e-cd6a-5802-afff-57b1a3642e57,97fc8349-09aa-5473-ab3c-f36de162233b,ACCT-000490,checking,USD,2024-10-23T19:41:21Z,active
d9e84a08-2185-5c07-9757-511ed799eeec,1ccae9ce-6a7b-5990-bda9-a0e846aa72f3,ACCT-000491,checking,USD,2024-08-10T19:41:21Z,active
42af0be5-9cdc-5eb8-85a2-266569697547,de772253-d994-5d2f-bf49-c1e5c6fee03e,ACCT-000492,credit_card,USD,2024-09-04T19:41:21Z,active
6aca9045-ef69-55a5-a8de-4509f20ff208,f5c30414-72ce-5af0-b84a-500131d0a060,ACCT-000493,checking,USD,2024-09-21T19:41:21Z,active
420909f9-83ee-59c2-bc57-0767080deb1b,35185f6f-8f5e-5d58-8bef-676752c9ed6e,ACCT-000494,savings,USD,2024-04-29T19:41:21Z,active
174a8324-43b5-5d50-85eb-f1d3760b72e6,c65f343a-04c0-5074-971f-29b3f833ceb2,ACCT-000495,savings,USD,2022-04-13T19:41:21Z,active
7ac54b20-fcb1-5624-a6bd-c340a0a8753c,3a7e739a-942e-5a65-bd87-0b2ac00b352d,ACCT-000496,credit_card,USD,2021-07-15T19:41:21Z,active
ad1c2ae7-3b66-5a02-964b-c107b1c7d8eb,6accbb3a-32e3-54cd-bdd7-6fc15f8892f1,ACCT-000497,credit_card,USD,2024-03-23T19:41:21Z,active
30bd3a67-2a26-519f-8a74-e1ed986a38e9,82ba80c6-a987-5638-b153-67b16bc44a88,ACCT-000498,credit_card,USD,2022-01-09T19:41:21Z,active
3f6e221e-ae7a-56f4-a486-9b4046eb3ff5,07914313-7ebb-541b-8b0c-ca58e4e83f6a,ACCT-000499,credit_card,USD,2025-11-21T19:41:21Z,active
1bcf2595-6d1d-55f3-a843-31d74b3c9636,7a2b364a-8477-5359-8a45-90d5004d6077,ACCT-000500,checking,USD,2022-05-23T19:41:21Z,active
