card_id,account_id,card_external_id,card_network,last_four,issued_at,expires_at,status
4d36111f-05db-5900-b0c9-b0727f41816b,ef195a60-86a4-56d4-ad5b-37b9fa05e8c5,CARD-000001-1,Visa,3582,2024-12-14T19:41:21Z,2031-07-13,active
97688aa6-ad62-590c-80ed-64290acbb444,a9030b55-d55c-55ce-bfaf-b00ddafcb443,CARD-000002-1,Amex,4333,2024-07-09T19:41:21Z,2027-07-13,active
40ced206-6fd4-5790-9858-3b048f6273b3,a9030b55-d55c-55ce-bfaf-b00ddafcb443,CARD-000002-2,Amex,7527,2024-06-22T19:41:21Z,2027-07-13,active
3f00c6f5-7cc0-5bf2-aedd-935b35735785,e0713bc4-2bfe-5d97-986a-7d6b478ea7a0,CARD-000003-1,Visa,4374,2025-12-17T19:41:21Z,2027-07-13,active
0e14a01d-9aa5-55e7-9571-30425477186b,8819d726-14ae-5ad7-aea5-e9c61d752a79,CARD-000004-1,Mastercard,3483,2025-02-11T19:41:21Z,2030-07-13,active
c9820a89-e6da-5ad5-9190-7fe99346e433,8819d726-14ae-5ad7-aea5-e9c61d752a79,CARD-000004-2,Mastercard,7517,2025-01-10T19:41:21Z,2029-07-13,active
a32b276d-1ef7-554d-b89e-828be905b3a5,294d4657-4919-5d64-ad6a-b1d6f4981d78,CARD-000005-1,Amex,6916,2025-02-28T19:41:21Z,2027-07-13,active
0d5e6e0e-a9ab-52de-a2e3-893a113926c9,e361ea55-ce0f-53a6-ab90-11d64a112560,CARD-000006-1,Amex,4315,2022-03-02T19:41:21Z,2028-07-13,active
6691ee22-da3e-57d0-9651-3434ba565852,e361ea55-ce0f-53a6-ab90-11d64a112560,CARD-000006-2,Amex,1743,2022-03-25T19:41:21Z,2029-07-13,active
6f471cf6-3116-5b8e-894e-5a6b5a4e9e3f,1668a40e-4d76-5d2e-87a3-7e8bf76a83d0,CARD-000007-1,Visa,1403,2025-10-14T19:41:21Z,2030-07-13,active
430fe993-fbdc-5b75-8e38-7326cc6279f5,2f14c9db-6aef-5878-92b6-cf78911d06df,CARD-000008-1,Visa,9638,2024-02-23T19:41:21Z,2028-07-13,active
89a83aeb-5d73-5111-9fec-ce93f09d9f25,b6229fb9-0736-5f71-adb4-a9ee53a759d3,CARD-000009-1,Mastercard,6669,2024-12-26T19:41:21Z,2027-07-13,active
9a8e80cf-721d-5797-b2bb-2206609750e1,af74f19e-e64f-5ff2-8a1b-830c1da52413,CARD-000010-1,Visa,4563,2026-01-10T19:41:21Z,2028-07-13,active
96164093-bf24-5eb6-b27b-7725b75290a4,83f15b52-9436-5a5a-8a21-0413f1ddf00e,CARD-000011-1,Mastercard,4673,2024-01-31T19:41:21Z,2031-07-13,active
cdb7b4cb-bc06-59a7-9238-4800e6d50c5b,e1df25e3-d2a2-5a32-85fe-2598b7e0b14f,CARD-000012-1,Amex,1113,2023-02-17T19:41:21Z,2028-07-13,active
10f7ad80-7efd-522a-99d1-a0816cde7a06,c2739083-e74e-5d88-bf58-3ed362069a4d,CARD-000013-1,Amex,4915,2023-03-14T19:41:21Z,2029-07-13,active
a62c05b0-1517-5775-be9b-85e1fd0cfca8,9d6cee45-bb5a-5226-a83f-9193f92fdd34,CARD-000014-1,Amex,1697,2025-07-22T19:41:21Z,2028-07-13,active
427a6101-782b-5678-b9e0-2fcaa5abec66,3c76669c-9b96-5150-b46b-c64a0e661bbf,CARD-000015-1,Mastercard,4533,2025-02-25T19:41:21Z,2027-07-13,active
03f551d0-b5a9-5bbf-9f09-968b33a20e45,981f0d0e-8e90-5cf3-b718-ed8456c8f433,CARD-000016-1,Visa,5862,2025-11-25T19:41:21Z,2028-07-13,active
9d63acfc-5d7d-5802-b92d-4a428f64ad07,0d90e611-0a12-542c-ba33-f4029726979e,CARD-000017-1,Mastercard,2608,2026-04-15T19:41:21Z,2027-07-13,active
541b11aa-e900-510a-acd5-33e022778f47,0d90e611-0a12-542c-ba33-f4029726979e,CARD-000017-2,Mastercard,0634,2026-04-19T19:41:21Z,2030-07-13,active
3be0b82b-b5e6-5f43-aee8-f433bf6300f4,5e5c94ed-bad4-55c4-9216-36a67690105e,CARD-000018-1,Amex,5425,2024-01-21T19:41:21Z,2027-07-13,active
f839995e-f7ba-5263-b29a-9e55a4694b34,90ec982d-2d1b-53b1-a59f-17348204ff84,CARD-000019-1,Amex,3228,2022-12-14T19:41:21Z,2030-07-13,active
103368cb-7bb9-5da7-8f4f-981f3b91e2b9,05d2ffdb-1ddc-5bc9-b336-98ff3eb72bbb,CARD-000020-1,Amex,2851,2024-08-29T19:41:21Z,2031-07-13,active
ef5e0adf-cb09-50d3-8075-c7613663f731,05d2ffdb-1ddc-5bc9-b336-98ff3eb72bbb,CARD-000020-2,Mastercard,6653,2024-08-25T19:41:21Z,2027-07-13,active
27be1d93-77bc-542f-8448-24e25bb9fdcf,04bce243-b7b3-5eb5-b7c4-3b811f2a8405,CARD-000021-1,Visa,5085,2022-07-16T19:41:21Z,2028-07-13,active
0a588c65-2167-56b9-8d2f-34e4cd63e556,04bce243-b7b3-5eb5-b7c4-3b811f2a8405,CARD-000021-2,Visa,0400,2022-07-04T19:41:21Z,2028-07-13,active
186351c2-3f97-5f1c-8cf9-d7625a40c387,92973384-3593-5326-b025-b42e69b4c052,CARD-000022-1,Visa,7612,2025-03-05T19:41:21Z,2031-07-13,active
bb8ec5eb-aa4e-53a8-bcc2-1b54d1d5a39e,1aadde60-7e82-588a-a191-89ea938adfc5,CARD-000023-1,Visa,2267,2023-08-06T19:41:21Z,2028-07-13,active
9f0d71d4-e971-56a3-95fe-d854e4b644b3,1aadde60-7e82-588a-a191-89ea938adfc5,CARD-000023-2,Mastercard,2503,2023-09-11T19:41:21Z,2028-07-13,active
e2de2b94-9a39-549a-9051-284a35970d26,7efb942c-bfde-55ed-89cf-d3f567887707,CARD-000024-1,Mastercard,0096,2021-09-05T19:41:21Z,2029-07-13,active
62f857df-2bf7-5bfd-95ce-e4a3e238ce8c,c97b6f17-499c-5967-82b9-440686c33275,CARD-000025-1,Mastercard,9697,2024-07-02T19:41:21Z,2027-07-13,active
80392351-bb40-583b-ac1c-5e18e1bc6871,95b2196e-f8c9-5730-952c-aed3d7e55cbc,CARD-000026-1,Mastercard,1341,2024-03-30T19:41:21Z,2027-07-13,active
ea25a157-9033-5984-bd6d-5393a3cd44b8,95b2196e-f8c9-5730-952c-aed3d7e55cbc,CARD-000026-2,Amex,8837,2024-03-03T19:41:21Z,2029-07-13,active
0619572f-fefd-5d83-b12e-bf9511bc4c17,c585451b-dd30-54d0-a41d-a9065378d879,CARD-000027-1,Mastercard,2749,2022-11-28T19:41:21Z,2031-07-13,active
f2e8db4c-cf01-5e52-b2c8-f23cf2bada99,a32f9c83-ca20-598e-89bf-1186dfa71a03,CARD-000028-1,Mastercard,8728,2023-01-16T19:41:21Z,2029-07-13,active
064af060-c384-59c9-abb9-adcf5d459d47,a32f9c83-ca20-598e-89bf-1186dfa71a03,CARD-000028-2,Visa,8289,2023-01-30T19:41:21Z,2029-07-13,active
77d7bf50-4d14-5f04-b08d-3d8ec05a4f84,e2c1bc0f-2053-5d79-96c7-5267dcc97f99,CARD-000029-1,Mastercard,9707,2023-11-23T19:41:21Z,2029-07-13,active
7b4ede96-7eac-544b-b61e-b83dd86e7073,58725850-0965-53b5-8dd5-0587dd3502f9,CARD-000030-1,Mastercard,9106,2021-07-08T19:41:21Z,2031-07-13,active
ff9a8794-32a7-5970-9467-8663ad370017,58725850-0965-53b5-8dd5-0587dd3502f9,CARD-000030-2,Visa,1402,2021-07-23T19:41:21Z,2030-07-13,active
0d993831-d131-5a11-a261-6e33fb6263c8,3e452314-78a4-5e0d-9ea7-6208eeb79c4f,CARD-000031-1,Amex,9017,2024-09-11T19:41:21Z,2029-07-13,active
57c20734-d61f-5e59-b608-7edf63e833b2,8418de2e-5884-5ea0-936c-3e12028259b2,CARD-000032-1,Mastercard,3727,2022-03-18T19:41:21Z,2028-07-13,active
10dde3c8-18a3-5338-9c46-1e79c83f6fff,8418de2e-5884-5ea0-936c-3e12028259b2,CARD-000032-2,Mastercard,0231,2022-04-09T19:41:21Z,2031-07-13,active
0560b56b-2d72-5965-8de8-871121d4f4d5,47267761-643b-5208-9196-f8eddd2a8bd4,CARD-000033-1,Visa,1070,2026-04-15T19:41:21Z,2030-07-13,active
f4cb47db-7bf3-5604-adaa-d071f74022f1,47267761-643b-5208-9196-f8eddd2a8bd4,CARD-000033-2,Visa,9453,2026-04-30T19:41:21Z,2027-07-13,active
02dadab6-8c61-5b92-8a48-e15ed2e12126,4df455ec-f1bf-5391-bdd9-7908cd0a1696,CARD-000034-1,Mastercard,5003,2023-01-17T19:41:21Z,2031-07-13,active
c43dc9ea-56c2-53f4-9ced-05687c0f08e2,f47d60be-f2f4-538a-8818-4c768ca64ed1,CARD-000035-1,Visa,4720,2025-07-13T19:41:21Z,2029-07-13,active
5d742bdd-23b5-54e6-ae98-e8de3651fa0a,23e030ef-6a93-5214-ac81-edbec706fa99,CARD-000036-1,Mastercard,2037,2025-02-08T19:41:21Z,2029-07-13,active
8894ab29-d117-561f-8308-dd7869377248,23e030ef-6a93-5214-ac81-edbec706fa99,CARD-000036-2,Amex,6594,2025-01-27T19:41:21Z,2031-07-13,active
3fd78f82-13e1-5f68-a4a2-0330a5e7188a,9ad7daeb-9805-5dad-b19d-18f0d728c76f,CARD-000037-1,Amex,4415,2024-12-25T19:41:21Z,2027-07-13,active
1db7e021-c620-59d4-944a-0b331b8cca4e,9ad7daeb-9805-5dad-b19d-18f0d728c76f,CARD-000037-2,Visa,7708,2024-12-22T19:41:21Z,2030-07-13,active
ba4ffd50-62de-5625-a0a5-dd83233ebeb2,cb46c47e-5476-5b77-a2be-fa0aca85640b,CARD-000038-1,Mastercard,1899,2022-07-14T19:41:21Z,2030-07-13,active
df6c2145-3d3a-5287-8928-32086f119304,d38c8351-0a39-537d-89c9-611f01ea6cd2,CARD-000039-1,Visa,5091,2025-03-30T19:41:21Z,2027-07-13,active
d2c729bc-1157-5698-b228-41a73f592555,5489d13d-31da-5ef9-b96b-d4f89e265430,CARD-000040-1,Visa,1143,2022-05-19T19:41:21Z,2030-07-13,active
ff728a61-e5c3-5b0b-bb59-34cdb87dbf2d,5489d13d-31da-5ef9-b96b-d4f89e265430,CARD-000040-2,Mastercard,8318,2022-05-19T19:41:21Z,2027-07-13,active
ca304f72-0455-5a04-a8c0-e15c6f99ad6c,6c2a69eb-c23c-5293-bf7a-52d7edf7c25a,CARD-000041-1,Visa,9368,2023-08-22T19:41:21Z,2028-07-13,active
34bdcc47-6f19-5b71-9b5b-27ef3a440754,6c2a69eb-c23c-5293-bf7a-52d7edf7c25a,CARD-000041-2,Mastercard,0715,2023-08-18T19:41:21Z,2030-07-13,active
342b1f85-1ff4-5834-af87-c61d32de522e,8515190f-8247-5162-ba14-949bd8ad8aa1,CARD-000042-1,Mastercard,8742,2023-05-28T19:41:21Z,2029-07-13,active
de8de86c-4e00-5296-96e7-1c67687b7618,7ce059f2-1837-59a6-9fd6-ff820d83b284,CARD-000043-1,Visa,4000,2023-11-22T19:41:21Z,2030-07-13,active
80dfe15e-d9c3-5fff-a97a-4cca51f34211,123ff2aa-24b1-5cbd-a575-721a774f4acd,CARD-000044-1,Visa,1210,2023-10-12T19:41:21Z,2029-07-13,active
7c4e8c1f-9ffb-5ec6-aafb-52f408bc8f73,41dbd6c3-4555-5f97-90d7-5407840b5726,CARD-000045-1,Amex,8138,2026-04-24T19:41:21Z,2029-07-13,active
5faeb76f-7724-5419-878a-08beff00677c,41dbd6c3-4555-5f97-90d7-5407840b5726,CARD-000045-2,Visa,9946,2026-04-22T19:41:21Z,2029-07-13,active
3e86707a-cbdd-5199-8cc5-3cdee1ca1069,9b6be340-c7ce-5c21-8092-ec4dccc1a1c5,CARD-000046-1,Visa,2165,2022-01-01T19:41:21Z,2031-07-13,active
4e4cd98b-9050-554d-bf3d-5203ced40013,554079ed-1dae-5977-a358-b6ce23d853cf,CARD-000047-1,Mastercard,4295,2023-10-06T19:41:21Z,2030-07-13,active
e0e82ff2-7c64-522d-955d-397b73860709,df5fb0b5-bbb0-5d1f-8f54-af870b8c9e53,CARD-000048-1,Mastercard,7432,2022-06-03T19:41:21Z,2031-07-13,active
31ed11f2-0c33-557e-8114-0f6b8a1f8d94,5e89b703-f918-5905-b5c4-c9b58305f52f,CARD-000049-1,Visa,6018,2024-02-04T19:41:21Z,2029-07-13,active
8eb2ef41-6438-5909-a6db-80e828b98fb5,5e89b703-f918-5905-b5c4-c9b58305f52f,CARD-000049-2,Visa,6523,2024-01-18T19:41:21Z,2028-07-13,active
a8ffcc9f-6756-58d0-9e4d-230ef061bf25,d5fa8ad7-f81c-5129-aefc-8bc4dfd1c03a,CARD-000050-1,Visa,2129,2025-03-03T19:41:21Z,2029-07-13,active
dc4d2657-31a0-54b7-a7d1-30b46b3342e9,d5fa8ad7-f81c-5129-aefc-8bc4dfd1c03a,CARD-000050-2,Visa,1801,2025-03-11T19:41:21Z,2027-07-13,active
2d7d1837-9f93-58fe-951e-d4979f5df83f,ceba3f21-f9c7-547e-a41a-b225bde3e46c,CARD-000051-1,Amex,0710,2026-02-13T19:41:21Z,2031-07-13,active
bf2ed060-ab7b-58be-a172-7c2c5911fd52,b68b5f0c-bfa4-5a88-adca-a72a48c073fb,CARD-000052-1,Amex,9590,2023-08-20T19:41:21Z,2029-07-13,active
4429965e-a3d5-5a46-9b64-bbb05a762984,173e0767-94bd-5738-9f03-67eb0c940b94,CARD-000053-1,Mastercard,7430,2021-07-29T19:41:21Z,2030-07-13,active
2f4a52b4-38cf-5c20-9d1e-a0313e884430,8e1fbbdc-8086-5caa-b217-2777a498cd63,CARD-000054-1,Mastercard,2002,2025-11-02T19:41:21Z,2029-07-13,active
e9ef8bad-950c-597e-9619-69c2495a7b27,aca048e6-e39c-539d-b2f5-ac7cad2aaabc,CARD-000055-1,Amex,9121,2021-07-16T19:41:21Z,2031-07-13,active
0136c4e9-216e-5796-afa8-2aa005a035fd,7a4ef5d6-b703-50b1-80f0-1fb374fd89f8,CARD-000056-1,Mastercard,5314,2022-04-08T19:41:21Z,2031-07-13,active
ea50e7b4-de48-5735-bfd3-91145a3bf5ba,030cee22-9798-5303-b684-e22b87905610,CARD-000057-1,Mastercard,8633,2023-12-04T19:41:21Z,2029-07-13,active
edc4129f-be5b-5a24-b1ce-22a0cac9f13e,348579fa-e930-5953-b167-afe511b58658,CARD-000058-1,Amex,5802,2021-12-30T19:41:21Z,2030-07-13,active
955dd1bd-8ccd-591e-9dc4-90a3b6432557,db3c8028-1e65-5e20-a82f-277bab4c9a97,CARD-000059-1,Visa,7138,2025-09-29T19:41:21Z,2030-07-13,active
9109fea3-669f-5611-9b95-ebaaa50a381f,db3c8028-1e65-5e20-a82f-277bab4c9a97,CARD-000059-2,Amex,1288,2025-09-17T19:41:21Z,2029-07-13,active
4750778d-8c1e-5e94-ac37-0b3bae2132a4,7d75f235-4568-5697-a084-8dc577b4f91f,CARD-000060-1,Visa,8095,2022-04-16T19:41:21Z,2031-07-13,active
06a574d9-e910-5442-a61e-f82f292beb82,1122ed5f-ff26-545f-800e-1ed710401967,CARD-000061-1,Mastercard,4703,2022-10-04T19:41:21Z,2027-07-13,active
283f4d13-2090-547d-b9dc-986707f84c04,0aaff5e2-b172-57a9-8e29-040cf7207876,CARD-000062-1,Amex,2600,2025-07-04T19:41:21Z,2029-07-13,active
14d07704-d9b8-599a-85f1-e69c13a70c33,5e253875-b061-5801-8f46-fb0b34b4ce25,CARD-000063-1,Visa,9749,2025-07-27T19:41:21Z,2027-07-13,active
9dbdda20-2354-570a-a8a0-123282c51539,b20ac5c0-3001-5fd2-bff0-98193c3865a8,CARD-000064-1,Visa,2538,2024-04-08T19:41:21Z,2029-07-13,active
1f08afac-f6aa-5749-a17b-de2883d6f38e,2c2fbffc-7fc1-50e2-bf95-54d592c2bdee,CARD-000065-1,Amex,3891,2025-05-08T19:41:21Z,2031-07-13,active
8bae838b-b185-5926-9220-87ebb393c3dd,1431be80-fb3a-5d21-800b-fa34fe692116,CARD-000066-1,Visa,3271,2024-05-13T19:41:21Z,2031-07-13,active
e36a4118-664c-563c-8345-172be9c569e9,9dabcfec-7a52-51bc-852f-796b7a19beb0,CARD-000067-1,Visa,7391,2021-09-01T19:41:21Z,2029-07-13,active
b66ea2cf-924a-5695-8e05-6306141f4e3f,748b74be-4ff5-5310-9bb2-c41965cad261,CARD-000068-1,Visa,0311,2026-02-12T19:41:21Z,2028-07-13,active
449cce86-2d04-58c6-b110-79f914e4df38,378781f4-a46c-5024-8943-586b8ffb95f4,CARD-000069-1,Visa,4772,2024-01-04T19:41:21Z,2027-07-13,active
ee4c820f-7169-5ca1-a512-faf7501fc93c,dd1f6d36-3cae-5624-87fc-40e9eaf677a5,CARD-000070-1,Amex,1698,2023-10-15T19:41:21Z,2031-07-13,active
efe6d57f-a66e-5181-ae99-82f2b2223e55,1c2e8bc4-8122-581f-bd2c-7773210030ca,CARD-000071-1,Amex,6524,2021-11-18T19:41:21Z,2031-07-13,active
9a42a0d0-3731-5c3c-b98d-b937e9d5ce54,1c2e8bc4-8122-581f-bd2c-7773210030ca,CARD-000071-2,Mastercard,4150,2021-09-29T19:41:21Z,2028-07-13,active
466a9398-e918-5c63-821a-acebfe447578,96646554-4fb5-51d0-a947-a22ce9ad537d,CARD-000072-1,Amex,4369,2022-04-05T19:41:21Z,2027-07-13,active
a82059b4-0912-52b8-ade4-9ade2ca053cb,96646554-4fb5-51d0-a947-a22ce9ad537d,CARD-000072-2,Amex,6955,2022-02-18T19:41:21Z,2030-07-13,active
9f30dc65-621e-5ac9-b587-aa9ca4e73d19,1ad6dd41-9819-5dba-ad5e-7b8a1fd879a7,CARD-000073-1,Mastercard,4498,2022-05-17T19:41:21Z,2027-07-13,active
29df8432-4d76-5c22-9a0a-fc11d1e0a811,d25bc0cd-44c2-56c6-a104-855caed8ca7c,CARD-000074-1,Mastercard,6077,2022-07-20T19:41:21Z,2030-07-13,active
37a96359-c04a-5fbe-ac37-72345c6b69da,693937f6-a330-5e57-9644-be053eb5e508,CARD-000075-1,Mastercard,3279,2022-03-08T19:41:21Z,2028-07-13,active
5fd61498-28b3-52b6-af87-1cf83fd50adb,838f29de-0fa7-5e0b-9249-2e2273a382c3,CARD-000076-1,Visa,2275,2021-07-22T19:41:21Z,2030-07-13,active
36a2ffe3-3f5e-5dbf-b6d5-40b76a9fc335,d15ee8ce-dcf1-554b-ab43-6ab3a4aff36c,CARD-000077-1,Mastercard,1215,2024-08-18T19:41:21Z,2030-07-13,active
75124fc7-4797-5eba-a3d6-deea83b834c5,71502105-eb20-5fc6-a298-e48ee619f72b,CARD-000078-1,Amex,4496,2025-05-21T19:41:21Z,2029-07-13,active
246b52c3-b7f8-5640-b909-f3968b0b3a75,019f625d-5049-555e-8100-2cef30c6683b,CARD-000079-1,Visa,8159,2025-12-26T19:41:21Z,2031-07-13,active
9434dd77-f4b0-5529-8f22-e397e9ba355b,b92ffa0a-cd32-5961-b69e-47e5a474c26d,CARD-000080-1,Mastercard,5658,2022-06-30T19:41:21Z,2028-07-13,active
fd4737aa-d862-567d-85eb-389705e1ce6e,b92ffa0a-cd32-5961-b69e-47e5a474c26d,CARD-000080-2,Mastercard,8437,2022-07-10T19:41:21Z,2027-07-13,active
6fce4b9e-3d9d-55f9-9edf-d0560ef6e8d0,55b9734f-e529-5c35-a978-a2ec7b1aa445,CARD-000081-1,Amex,5123,2026-01-14T19:41:21Z,2028-07-13,active
bb556d26-4d29-5c31-84c2-d6bbce4eacee,55b9734f-e529-5c35-a978-a2ec7b1aa445,CARD-000081-2,Mastercard,8433,2026-01-31T19:41:21Z,2030-07-13,active
6f8dc51e-898e-5585-8e72-0e185981fe81,1a500112-f616-5169-905c-b7f231e8e720,CARD-000082-1,Visa,4333,2024-11-01T19:41:21Z,2029-07-13,active
4c42cbf8-d7b7-5fcd-a522-9b02767c05f4,45e389b4-d959-5cc0-8856-78984bc516c9,CARD-000083-1,Mastercard,6114,2023-08-07T19:41:21Z,2029-07-13,active
eed9518c-07dc-5d7b-9d50-dad6d339d517,45e389b4-d959-5cc0-8856-78984bc516c9,CARD-000083-2,Amex,5990,2023-08-05T19:41:21Z,2028-07-13,active
41c3c63f-3995-593e-a864-7d09ff9fc80f,c4c5ebe4-5ceb-5401-b977-f0767ee9fcf6,CARD-000084-1,Mastercard,2662,2022-05-10T19:41:21Z,2031-07-13,active
539a2335-d649-5d55-b03b-70aa6b3aa291,c4c5ebe4-5ceb-5401-b977-f0767ee9fcf6,CARD-000084-2,Amex,4902,2022-05-22T19:41:21Z,2029-07-13,active
a415a929-9518-56a0-811b-bfd204068e09,3528be6d-965b-5dc7-b5b3-cca4aab40c68,CARD-000085-1,Amex,7775,2024-06-22T19:41:21Z,2031-07-13,active
c6677fb8-ab81-52a7-bed1-c782e7ea9ac5,93e280d5-19f2-5444-bcd8-ed4398591174,CARD-000086-1,Amex,7726,2023-03-25T19:41:21Z,2027-07-13,active
38d94adb-20b9-5a89-952c-7443531c6e0f,2d63bcbd-0b5e-5655-a443-414d82d2f8cf,CARD-000087-1,Mastercard,3150,2023-05-05T19:41:21Z,2029-07-13,active
b5016114-af86-53b8-8699-31b8e9062b52,63dc8fe7-72d1-5bc4-81c3-e712c7e38215,CARD-000088-1,Mastercard,5654,2023-04-13T19:41:21Z,2028-07-13,active
cdc77593-22b0-5331-9d42-1521a368a5a6,63dc8fe7-72d1-5bc4-81c3-e712c7e38215,CARD-000088-2,Mastercard,0689,2023-03-13T19:41:21Z,2027-07-13,active
e6703020-1c5f-559b-a1b5-27eff317ce58,afebcd86-6db7-5f07-aded-e8871a9fe47c,CARD-000089-1,Amex,3697,2024-11-16T19:41:21Z,2028-07-13,active
36b57c75-3907-5227-9acf-691a1316c468,1d24526d-8ab5-5ed1-bd1d-89f47a3f8327,CARD-000090-1,Mastercard,5262,2023-04-02T19:41:21Z,2027-07-13,active
212a123f-3b90-554d-a755-b2958224f402,8369c518-8fed-553e-9efe-5f52de9e1259,CARD-000091-1,Mastercard,2198,2026-05-21T19:41:21Z,2031-07-13,active
bf3df8df-ecf7-5d78-b89a-08c890a95cf4,408259f1-0699-5ee2-a595-73e83bab0fd3,CARD-000092-1,Mastercard,7007,2026-04-19T19:41:21Z,2029-07-13,active
ac5aa50e-1fde-513c-b5f1-79554a839c57,0481ad02-f48e-5016-9811-aeb28db4a543,CARD-000093-1,Visa,1017,2026-05-14T19:41:21Z,2027-07-13,active
a825fce0-6662-5238-82f1-565f9e110a37,e528e71e-633d-5352-8ce3-f46f3984c2f6,CARD-000094-1,Amex,7714,2022-12-22T19:41:21Z,2031-07-13,active
1140aa11-58b1-5a10-9036-d6a0e11822e3,5b7dd2e8-5875-5130-a5b0-9b6f3a20daf9,CARD-000095-1,Amex,3365,2021-10-06T19:41:21Z,2031-07-13,active
16816f4c-9820-5ef2-bb55-f846bd9b39b9,9ec4e7a9-13d8-57fd-8417-dbe9abc4ef4c,CARD-000096-1,Visa,3570,2024-01-23T19:41:21Z,2027-07-13,active
29701d0b-3bf2-5bbb-bfeb-9d238efda047,dfcf0a52-9b5e-58d2-8892-910d00c35a2c,CARD-000097-1,Mastercard,6154,2024-09-10T19:41:21Z,2031-07-13,active
745918e0-0ba4-59bf-a363-481b14ad7f1f,7da19c2d-ce07-5d84-8f9d-5bd01f512568,CARD-000098-1,Mastercard,5671,2022-01-27T19:41:21Z,2029-07-13,active
5aff6f41-f422-5304-ac74-4b71efc5ac32,808b83f1-2399-59b0-ac46-a45a83bfcae5,CARD-000099-1,Mastercard,3839,2026-01-02T19:41:21Z,2028-07-13,active
746625e0-cc38-5cde-8f15-37d01ff840a0,06849698-e39a-5977-86e5-d288bbb74e28,CARD-000100-1,Amex,6999,2022-09-06T19:41:21Z,2030-07-13,active
3c89fa4e-a22b-594b-8eb3-bb27d7808d82,06849698-e39a-5977-86e5-d288bbb74e28,CARD-000100-2,Visa,5642,2022-09-12T19:41:21Z,2030-07-13,active
c80fef6a-8054-562b-b333-6917a62a3361,2e1341d3-2b3b-599e-a76a-f1d74b8fdc38,CARD-000101-1,Mastercard,3978,2021-07-10T19:41:21Z,2028-07-13,active
ea51fbef-b140-5c4b-a29e-d3d9892ca866,d0a8f01f-a9d8-5d3f-b8b0-09c5c174a40d,CARD-000102-1,Mastercard,4967,2024-12-10T19:41:21Z,2027-07-13,active
a3ece13a-be9f-50d9-a722-c8a6a9852356,3ad966fd-4e07-52ef-bc0f-cefa810ddb39,CARD-000103-1,Mastercard,7635,2024-12-17T19:41:21Z,2030-07-13,active
384d19da-cd7f-5912-ab43-a0314ee4172d,104c76a5-71e9-5869-9c9f-436a5c8adfa0,CARD-000104-1,Visa,8180,2023-04-13T19:41:21Z,2029-07-13,active
e4b58b12-db6a-502f-9dc8-a7ea9ea098c3,88d5758f-25bf-5aa8-a3eb-f072364c5c0e,CARD-000105-1,Amex,0794,2022-05-19T19:41:21Z,2027-07-13,active
ef7b2cb0-db00-523e-b4f2-2f37a19a52fb,88d5758f-25bf-5aa8-a3eb-f072364c5c0e,CARD-000105-2,Mastercard,2252,2022-05-24T19:41:21Z,2028-07-13,active
ec392a0a-baa9-52e3-9f89-bdd69379e6c1,5377849e-546b-582a-855d-e5c3ef78329c,CARD-000106-1,Visa,8673,2022-11-02T19:41:21Z,2029-07-13,active
40f389bf-59a0-5dc6-8e7a-656740202763,0417f869-46d8-52d1-9f8f-d136b3322b86,CARD-000107-1,Mastercard,7520,2023-06-13T19:41:21Z,2028-07-13,active
a25956b7-929c-5cd5-8ace-165e9a30e1ac,94987e28-b5c7-573b-9b93-cc3db2aa2d04,CARD-000108-1,Visa,3764,2025-11-10T19:41:21Z,2031-07-13,active
1cb8bd3d-64d3-5d2b-a053-dfcac66cad60,94987e28-b5c7-573b-9b93-cc3db2aa2d04,CARD-000108-2,Mastercard,4441,2025-10-30T19:41:21Z,2027-07-13,active
00c10050-3954-59a8-9ceb-e5fd6b09dcaf,8315e6bc-0557-577f-a9d4-a6c82e4b4f8a,CARD-000109-1,Amex,2292,2024-09-30T19:41:21Z,2027-07-13,active
4e272064-7eea-58da-a068-581b67bcad3d,a6bd55c7-99ea-528a-b11f-ae8d67255cc4,CARD-000110-1,Mastercard,8038,2022-12-07T19:41:21Z,2029-07-13,active
d367c7e5-5ad6-5873-b45f-a50ee6b3ce27,a6bd55c7-99ea-528a-b11f-ae8d67255cc4,CARD-000110-2,Amex,6150,2022-12-20T19:41:21Z,2028-07-13,active
6bbc105f-6e68-51ee-b2fc-7603eeb86c02,98d5579e-f498-518a-8331-09a29d2d6d82,CARD-000111-1,Mastercard,9125,2022-03-28T19:41:21Z,2031-07-13,active
677af051-5c1d-55e7-b9cb-a7da36bda203,4de131fa-fc3e-54cf-a10c-359a00ee86c6,CARD-000112-1,Visa,6237,2024-09-05T19:41:21Z,2028-07-13,active
bd89372a-dce2-5fac-94fd-c5d4d8118560,abc6dbf5-4532-5e3f-9f85-dd8e07c6e6f1,CARD-000113-1,Mastercard,0110,2023-12-30T19:41:21Z,2029-07-13,active
cec3eaad-7815-59b7-8f66-14f841ba565e,d1a827d6-35fa-5ef5-9e3d-f2d57826c0bd,CARD-000114-1,Visa,5339,2024-08-04T19:41:21Z,2029-07-13,active
892fa2e9-45fe-5345-ae8d-0afc688f305b,84b3d7c0-78d8-5556-ae40-dcd57bb18bc7,CARD-000115-1,Visa,6932,2021-12-14T19:41:21Z,2030-07-13,active
443cf770-651b-5b69-95aa-948b818c74cf,770ca4d8-a358-5d54-b56b-4c182350da86,CARD-000116-1,Visa,0725,2022-06-15T19:41:21Z,2030-07-13,active
44ce8dfe-572e-5628-b382-30493f28fe73,440fff88-7e46-5c60-a249-3fcf181a0ee0,CARD-000117-1,Visa,7178,2023-09-16T19:41:21Z,2030-07-13,active
89cfa07e-1d2d-5eca-959d-bb4092456f2a,49e3fc3f-bac9-57f9-9ab7-86acfa588d40,CARD-000118-1,Mastercard,3798,2022-08-19T19:41:21Z,2030-07-13,active
edd1f0ea-c722-5e67-b27a-e8f51f24e5bb,98c4ec0b-1219-5a28-b8e2-7d21d627ce88,CARD-000119-1,Amex,3063,2026-04-29T19:41:21Z,2029-07-13,active
c4f742a4-b6c8-5fef-aa66-71533839b835,98c4ec0b-1219-5a28-b8e2-7d21d627ce88,CARD-000119-2,Visa,7496,2026-04-13T19:41:21Z,2029-07-13,active
7a046655-aa47-59da-8622-68ceee93858a,ae786d41-b3d2-57cb-aa87-97153400bc8c,CARD-000120-1,Visa,5131,2021-07-26T19:41:21Z,2028-07-13,active
a31772c1-e424-5fe1-acf2-b0b96bade684,3ad55975-6b5b-5e74-98bd-0a77635e3522,CARD-000121-1,Amex,2733,2025-08-07T19:41:21Z,2029-07-13,active
83b06ddc-6cb2-5d6c-a9c4-a7caafb6cddf,3ad55975-6b5b-5e74-98bd-0a77635e3522,CARD-000121-2,Visa,3065,2025-07-27T19:41:21Z,2030-07-13,active
ec8c1932-3fc4-599a-b682-e0b0db1cb939,24ab5904-1300-5845-88b0-a4f5bb2d845e,CARD-000122-1,Mastercard,9267,2022-06-08T19:41:21Z,2030-07-13,active
0960159a-86b8-526b-8702-dc82e9e3f676,07d35c97-d648-5362-bae5-a13f4b86f523,CARD-000123-1,Mastercard,4305,2023-04-15T19:41:21Z,2027-07-13,active
1073fac2-02a3-50cb-98e0-6f8de965c328,07d35c97-d648-5362-bae5-a13f4b86f523,CARD-000123-2,Mastercard,1923,2023-05-12T19:41:21Z,2028-07-13,active
d0f9fec2-d631-52c1-ab65-feeed01edd54,1108caa7-caed-5c43-8efc-45ea705e4161,CARD-000124-1,Mastercard,4794,2025-07-22T19:41:21Z,2031-07-13,active
8c5c9638-adc4-5833-9125-3eda096a8316,7fe9d292-f61e-5034-bc71-0af7c4868966,CARD-000125-1,Visa,9460,2022-06-19T19:41:21Z,2029-07-13,active
27a69c36-3382-53bb-b1a3-1e1b169fe9db,f50a1aab-35d8-5cb3-89af-4aaa3c84c2ba,CARD-000126-1,Mastercard,3470,2024-07-15T19:41:21Z,2029-07-13,active
5f7ba1c5-748b-5c6a-8314-719dd7f68183,ec9f3700-062a-5e6a-8e9f-ef1e4daa8440,CARD-000127-1,Mastercard,3314,2026-02-24T19:41:21Z,2028-07-13,active
48dd02d5-77e3-50a2-b52a-2037a77bee01,7214fb57-7b86-504a-b3d9-ba32712bbdaa,CARD-000128-1,Mastercard,1276,2024-02-02T19:41:21Z,2031-07-13,active
ba7c9448-55a7-5115-ab01-8fbdf8c65f9f,839c4b47-1f0e-54a5-8137-16c5d240f9bf,CARD-000129-1,Mastercard,2246,2022-06-18T19:41:21Z,2028-07-13,active
ac160534-2bfd-5a20-ae14-ba90544b054d,3578753d-f0d2-5fe8-b2c5-a23e90cf03ed,CARD-000130-1,Visa,4059,2022-11-18T19:41:21Z,2027-07-13,active
7029e535-85e0-5058-86f7-9dd9825997ca,6cacaf0c-be8b-5969-85dc-aae3e7367eba,CARD-000131-1,Mastercard,6322,2023-05-28T19:41:21Z,2028-07-13,active
1a29719e-89ff-5789-97a7-38d08dc52dd4,6cacaf0c-be8b-5969-85dc-aae3e7367eba,CARD-000131-2,Mastercard,9730,2023-05-25T19:41:21Z,2031-07-13,active
c6b99fb6-0419-5638-b2fe-bf6f8ed90050,f04214ae-7afe-5aef-99fd-2b23f735ab06,CARD-000132-1,Amex,6590,2021-12-25T19:41:21Z,2031-07-13,active
d2e9b015-abc6-5d66-8c96-1077585b96fd,a3595557-0d3c-55d4-944a-5b663e5ff5c6,CARD-000133-1,Amex,3909,2023-04-16T19:41:21Z,2028-07-13,active
d73b1d70-4249-59c9-aa52-8c16a65f6e6f,911fe55c-b9ee-5df2-aa09-132998c9d0c2,CARD-000134-1,Amex,4403,2026-05-06T19:41:21Z,2027-07-13,active
6aba2758-c152-5e96-a7e9-2774bce34f00,a11353f2-a6a3-58b9-bad1-2a5c6806caa3,CARD-000135-1,Amex,1889,2023-06-18T19:41:21Z,2031-07-13,active
3753236c-a20e-5ca5-8379-59ff03380cc7,a11353f2-a6a3-58b9-bad1-2a5c6806caa3,CARD-000135-2,Visa,0721,2023-07-28T19:41:21Z,2027-07-13,active
4cc2e74c-68a4-5a44-9d76-01186656e7dd,66083b0d-f289-5ccb-b871-087e02be805a,CARD-000136-1,Visa,9364,2021-11-06T19:41:21Z,2027-07-13,active
7aeceb82-70d5-56f6-8aaa-c8026f7d598b,9a3d2a38-364a-50a9-a583-db4978c3d103,CARD-000137-1,Mastercard,3974,2024-10-13T19:41:21Z,2029-07-13,active
827c4e9f-2f58-5bd7-af14-1ef738f3a806,5c3183e4-2a2c-598b-820f-8887ea63ee25,CARD-000138-1,Amex,5038,2024-05-12T19:41:21Z,2028-07-13,active
da149202-8359-5650-8039-349d4c7aaed1,5c3183e4-2a2c-598b-820f-8887ea63ee25,CARD-000138-2,Amex,3902,2024-06-01T19:41:21Z,2030-07-13,active
fcc394a6-c4aa-5cbf-bdce-bfb8998d57bf,33c94b02-87e4-510a-87fd-0510b198a358,CARD-000139-1,Mastercard,5211,2023-01-17T19:41:21Z,2029-07-13,active
f319f5f5-66b8-5b82-9cb0-ea02d39baceb,33c94b02-87e4-510a-87fd-0510b198a358,CARD-000139-2,Visa,1223,2023-01-01T19:41:21Z,2028-07-13,active
03c4df60-1532-5245-ba2d-4822f8a474e8,45ffa0f0-b077-5932-9908-ba25b2f37e88,CARD-000140-1,Mastercard,9884,2024-04-14T19:41:21Z,2028-07-13,active
cc807266-ea09-50bc-ae88-546f250265eb,45ffa0f0-b077-5932-9908-ba25b2f37e88,CARD-000140-2,Mastercard,2430,2024-04-17T19:41:21Z,2028-07-13,active
18bbae67-cff6-5dc9-9a1f-cfd31aaf0944,8da1393e-3ebe-5791-8f10-f1ab0fc55f27,CARD-000141-1,Amex,1376,2021-11-18T19:41:21Z,2031-07-13,active
e1704fe5-7b32-5aa5-90b4-f4f0db2c496c,e2d1fb3b-d688-5d04-96f7-8dd6dedca6ae,CARD-000142-1,Amex,6471,2021-08-15T19:41:21Z,2027-07-13,active
0b5ca1df-1817-5ba9-866e-668c3c6250cb,de18c001-1754-5346-9e3c-c943781fd82d,CARD-000143-1,Mastercard,0999,2023-10-20T19:41:21Z,2029-07-13,active
90b9970d-c564-538b-acdc-e9c99fc5fcab,de18c001-1754-5346-9e3c-c943781fd82d,CARD-000143-2,Mastercard,2248,2023-11-10T19:41:21Z,2028-07-13,active
e164cc93-f3fd-5864-82a8-36de7bbb4ee1,24b3673e-5888-587e-8d16-8c104e325a88,CARD-000144-1,Visa,9432,2024-12-02T19:41:21Z,2030-07-13,active
fdd020cc-2f62-52ab-8e69-558c7233288e,24b3673e-5888-587e-8d16-8c104e325a88,CARD-000144-2,Mastercard,2846,2024-10-20T19:41:21Z,2028-07-13,active
f9685fb7-8f7c-5cf0-b07e-94c63132b3fc,006ee907-3776-5f1b-b4b0-d03f8adefba0,CARD-000145-1,Amex,3300,2024-09-11T19:41:21Z,2028-07-13,active
2cdd0989-e9f7-5d77-bacc-18b7976c6979,4a6a5ae7-4790-5c17-a89a-b7fc1c794d30,CARD-000146-1,Visa,7157,2021-09-05T19:41:21Z,2030-07-13,active
13a19057-6239-5816-8539-836d77b3373d,d32f904c-46c3-5f5b-a6f3-d895653bd15b,CARD-000147-1,Visa,2983,2025-09-05T19:41:21Z,2029-07-13,active
ec6bd43f-bd11-553d-a7c2-a197f83b7691,d32f904c-46c3-5f5b-a6f3-d895653bd15b,CARD-000147-2,Amex,3619,2025-09-07T19:41:21Z,2031-07-13,active
7f0b7234-c65b-554b-9084-12eb3f50c3b3,ce2fb82e-abf9-5c8f-b32b-0c887ae56d95,CARD-000148-1,Mastercard,3435,2025-05-22T19:41:21Z,2027-07-13,active
995a4c1a-790f-54f9-b006-43ef109091d3,9e34c066-fcc1-5b9e-894e-d3879dad8b30,CARD-000149-1,Amex,3695,2023-12-30T19:41:21Z,2030-07-13,active
3e267cf3-536c-597e-a30d-5b08590af3d7,73f38e84-0e25-5efc-b705-78e52657ec14,CARD-000150-1,Amex,7909,2024-06-29T19:41:21Z,2027-07-13,active
00d29d52-f579-5590-b477-59746b1805da,04d413f2-a0f6-5ec1-8f1f-bcfc23444bcb,CARD-000151-1,Mastercard,3891,2024-06-12T19:41:21Z,2027-07-13,active
09888291-62b9-516c-94e9-0d8e7fc4365a,e0c1ae90-0497-58fa-bdc9-023f99006839,CARD-000152-1,Visa,7758,2025-12-11T19:41:21Z,2027-07-13,active
5de74e13-2495-56c8-b29d-0601b1fe9834,edb790c1-9a21-5863-8bb6-9b6ea292f464,CARD-000153-1,Amex,1009,2024-03-26T19:41:21Z,2027-07-13,active
aef9d2a2-36cb-5e15-9bc2-cd7fde411d33,edb790c1-9a21-5863-8bb6-9b6ea292f464,CARD-000153-2,Visa,5632,2024-05-07T19:41:21Z,2031-07-13,active
48d5a53a-76bc-51d9-a557-cbad56431263,e15eafc0-0583-56f5-8766-7a0d4adde767,CARD-000154-1,Visa,8226,2022-07-14T19:41:21Z,2031-07-13,active
ca439bfb-2894-535a-b70c-53c973243463,e15eafc0-0583-56f5-8766-7a0d4adde767,CARD-000154-2,Amex,2415,2022-06-15T19:41:21Z,2030-07-13,active
a86e589b-3c1c-5bb1-b62c-5bc1e99d6646,3db648ba-719e-5383-8a2c-a35e596e6279,CARD-000155-1,Visa,6358,2025-12-11T19:41:21Z,2030-07-13,active
041564a0-f0b6-5b8d-ab67-4bcff798b735,3db648ba-719e-5383-8a2c-a35e596e6279,CARD-000155-2,Amex,5343,2025-12-30T19:41:21Z,2029-07-13,active
51c5317f-5e60-5ee8-a281-38d1af0d31c9,e87085a1-25c2-5207-afac-15285977ac42,CARD-000156-1,Mastercard,6602,2025-06-25T19:41:21Z,2031-07-13,active
3ad109ec-a3f4-52cd-8dc9-f644a243ddba,c4a109d3-781c-585d-89be-9ac6cf9bb15e,CARD-000157-1,Visa,2201,2024-06-12T19:41:21Z,2030-07-13,active
5a25f0d7-ec45-542d-8a43-786796d27769,c4a109d3-781c-585d-89be-9ac6cf9bb15e,CARD-000157-2,Mastercard,4414,2024-07-09T19:41:21Z,2030-07-13,active
bb0c8750-e399-5efc-a8db-4c3067c2b7f9,f34b912c-c471-5387-8151-4581f6126c0d,CARD-000158-1,Visa,0944,2024-08-01T19:41:21Z,2027-07-13,active
ed8ed2b8-07db-502b-a043-dae794455004,3edd8bb4-4939-51ab-a5f9-9f168df43326,CARD-000159-1,Mastercard,2679,2022-08-12T19:41:21Z,2029-07-13,active
b61288d7-f8d8-5fb7-ac71-36849f2d5041,c8187105-2b69-5e80-83f0-bd8555ce2d99,CARD-000160-1,Visa,3666,2024-10-27T19:41:21Z,2031-07-13,active
0c77b5e9-8405-5d9c-b992-35a5d88e361e,b3e572bc-d020-56cb-b913-e3ecb76de291,CARD-000161-1,Visa,5509,2021-09-17T19:41:21Z,2029-07-13,active
bcdf0bcb-a9b5-5fb5-b1c6-a859f9368d72,b35cd4ed-3853-5251-af4e-f6f82250e246,CARD-000162-1,Mastercard,3643,2022-05-12T19:41:21Z,2031-07-13,active
78bafb84-7302-5185-ac18-020e27d07caa,b35cd4ed-3853-5251-af4e-f6f82250e246,CARD-000162-2,Amex,7794,2022-05-27T19:41:21Z,2029-07-13,active
ebca8dfc-a1e6-5c05-9bd5-5167f3dfe622,c66fb15d-3d04-53a7-b573-19ce020a9eb5,CARD-000163-1,Visa,5820,2022-03-04T19:41:21Z,2029-07-13,active
f41216ce-6b8e-5ad9-bdb8-63833d9bff77,2fb31d66-2f30-5829-91b6-e6a1b5777ad8,CARD-000164-1,Mastercard,0885,2026-02-20T19:41:21Z,2028-07-13,active
e4b6ee92-0c86-5c44-9c6d-b66d9176094b,7f35342a-6a49-5879-9765-5e1e9f88630e,CARD-000165-1,Visa,9441,2022-01-19T19:41:21Z,2028-07-13,active
69637913-7d55-5976-be4e-f34711e198d7,df4dee66-98fb-5377-956d-24551d92e6ca,CARD-000166-1,Amex,3122,2023-08-13T19:41:21Z,2027-07-13,active
2cf79598-a768-50f1-9bef-34054f83887d,df4dee66-98fb-5377-956d-24551d92e6ca,CARD-000166-2,Amex,4076,2023-08-26T19:41:21Z,2029-07-13,active
c80405c0-3243-591a-a3cf-4845938fdb02,ec4cfe33-9076-5f51-9da1-063788e4aec5,CARD-000167-1,Mastercard,8031,2024-09-04T19:41:21Z,2028-07-13,active
59574d81-3716-5b3f-a913-3fe3e50d0cf5,ec4cfe33-9076-5f51-9da1-063788e4aec5,CARD-000167-2,Visa,6609,2024-08-14T19:41:21Z,2028-07-13,active
a2f07604-394c-596d-b021-30e4edf5dfa5,050d7ab3-9314-5457-85b3-e28a55b3f9c5,CARD-000168-1,Visa,1771,2022-05-31T19:41:21Z,2027-07-13,active
6f42c03d-c398-5efd-84e5-5a8c80e9e804,a51d6927-0d65-52d4-a0b9-b749a4704f47,CARD-000169-1,Amex,9922,2022-06-22T19:41:21Z,2028-07-13,active
d354e875-f319-51af-adf0-e51397b9c3fe,725a1cd0-454b-54dd-a6ae-829c47db2daa,CARD-000170-1,Visa,0645,2023-08-05T19:41:21Z,2030-07-13,active
10e57bd3-c6ba-5139-aec5-8d040f6188f6,044af38e-df2e-5847-a98c-8e25c8fb3dac,CARD-000171-1,Visa,1635,2026-01-04T19:41:21Z,2028-07-13,active
0980817e-54a6-5bd0-b75b-47614d97cb1f,beb45ab8-6f26-54ff-ba45-0add8568becb,CARD-000172-1,Visa,6566,2024-07-06T19:41:21Z,2030-07-13,active
940047bc-8a0d-526f-a12c-b0dcc9212ee6,f098f875-5bb8-59eb-8b3d-771d8f767ff0,CARD-000173-1,Amex,7178,2022-06-01T19:41:21Z,2031-07-13,active
9d3a97d9-143a-5966-b7eb-3720c72e0a26,f098f875-5bb8-59eb-8b3d-771d8f767ff0,CARD-000173-2,Mastercard,5875,2022-06-29T19:41:21Z,2027-07-13,active
1079f7da-5684-545d-8491-4acb631ea728,cc5934dd-eec1-5055-b6eb-f8a85453c5fd,CARD-000174-1,Mastercard,8504,2026-04-23T19:41:21Z,2031-07-13,active
9f2e849f-15e4-5088-b142-8fe13d1740fa,39b3a967-7d04-539e-ac5a-6cf539854a69,CARD-000175-1,Visa,9019,2022-12-18T19:41:21Z,2030-07-13,active
5094ae20-cbde-5607-89db-4e3ff2cad963,f175cc2d-fe70-5348-96ff-eccfa46b6987,CARD-000176-1,Amex,4990,2023-12-08T19:41:21Z,2031-07-13,active
a4b4bf32-3a67-57fd-8a26-6fcb29ead63e,321fe268-9766-5606-9700-2542b1bd9866,CARD-000177-1,Amex,1741,2022-04-12T19:41:21Z,2028-07-13,active
706b8164-1523-58f4-96d7-9deeffc0216f,3f93720b-eea4-5881-a9f1-764077c6405f,CARD-000178-1,Amex,9647,2021-07-12T19:41:21Z,2030-07-13,active
10f61e54-f551-5f20-81b0-8aaf4c76d3ae,55dae613-65cf-5dd8-af32-5304a8857d20,CARD-000179-1,Visa,1696,2023-12-05T19:41:21Z,2031-07-13,active
1102d041-8007-5c6c-8f2e-37b192a84233,f24437e3-aad2-5c9a-bc6e-93a9172068e2,CARD-000180-1,Amex,5143,2024-10-05T19:41:21Z,2031-07-13,active
b5862c04-1fb2-54bc-9032-e2325697aa17,f24437e3-aad2-5c9a-bc6e-93a9172068e2,CARD-000180-2,Amex,3560,2024-09-02T19:41:21Z,2028-07-13,active
ff858a63-fdba-5481-bee4-a62af0a77eb0,b95c0813-b180-5cb1-b4b6-812906bf1c65,CARD-000181-1,Mastercard,0209,2023-09-08T19:41:21Z,2027-07-13,active
f6776b9b-adf4-56dc-a4e1-220abc2c0f59,dca1080f-99a1-5693-b7c1-a04a05c3cb0b,CARD-000182-1,Amex,9205,2024-10-31T19:41:21Z,2028-07-13,active
48505de8-3859-5917-ae4d-e76f4ed5bc8a,e6afa22c-ff46-5f51-9ede-5050816cccb7,CARD-000183-1,Amex,6025,2023-04-29T19:41:21Z,2031-07-13,active
99cde18c-c06d-5a6e-8d66-72d623134f7e,e6afa22c-ff46-5f51-9ede-5050816cccb7,CARD-000183-2,Amex,9885,2023-03-24T19:41:21Z,2028-07-13,active
f4687c77-3d58-5076-8346-400fce3be679,0e62f34a-296a-59d1-bb73-7bedb37d1e56,CARD-000184-1,Amex,4934,2023-12-21T19:41:21Z,2031-07-13,active
952fb18b-e450-5550-9413-f259fa560aa5,4056c84c-4682-558a-807e-b734e40c5fb4,CARD-000185-1,Mastercard,9196,2024-06-21T19:41:21Z,2027-07-13,active
a54a6365-3c26-5255-a0ac-38c0b4a68c7b,1d6f8527-2b73-5f10-a71b-fc1dad542602,CARD-000186-1,Amex,8335,2021-11-25T19:41:21Z,2030-07-13,active
1d14557a-c8ea-5048-9129-9beac203d150,1d6f8527-2b73-5f10-a71b-fc1dad542602,CARD-000186-2,Visa,4856,2021-12-24T19:41:21Z,2028-07-13,active
7c9f0e54-f8a0-5769-9894-7e493d35fd35,4fc5ffe5-751f-5936-819b-09a8d1b3de74,CARD-000187-1,Visa,2519,2022-06-13T19:41:21Z,2030-07-13,active
fb41a105-0fca-5ca8-9867-acb98fec1dd0,9570279f-9611-5cc2-93d4-93548fded79c,CARD-000188-1,Amex,1036,2024-03-30T19:41:21Z,2031-07-13,active
b6239eb6-6d2b-57b1-82a3-890825a0a1e1,2834e939-4190-509a-847d-3f722efeaf36,CARD-000189-1,Visa,6406,2025-12-09T19:41:21Z,2031-07-13,active
439a7beb-1ed7-5bcb-bfc5-2a19a32b3dc8,89a4083c-05ec-5221-a097-b05f4d2df895,CARD-000190-1,Amex,5633,2026-02-02T19:41:21Z,2030-07-13,active
1cd0391e-add9-5433-90f3-694c7ccd8037,89a4083c-05ec-5221-a097-b05f4d2df895,CARD-000190-2,Amex,8397,2026-01-29T19:41:21Z,2028-07-13,active
dbaa44c0-d8ae-559b-ae82-b4e24d0b2fb7,304a9a5b-d2c4-5983-ab9e-996e0b8257eb,CARD-000191-1,Mastercard,5851,2023-09-22T19:41:21Z,2028-07-13,active
7d91663c-6f2d-5112-b39e-407e00c2452d,bcbef49e-30fb-5019-a3cb-fa8ca041c04d,CARD-000192-1,Visa,0079,2024-07-02T19:41:21Z,2028-07-13,active
47ba54ea-fa9a-5da9-ac79-8c41147cc019,bcbef49e-30fb-5019-a3cb-fa8ca041c04d,CARD-000192-2,Visa,7145,2024-06-29T19:41:21Z,2029-07-13,active
0a590241-b5b5-5270-899b-0fb522b7a474,e6737748-110a-5fb6-b103-310e7ef6c619,CARD-000193-1,Amex,3218,2021-12-27T19:41:21Z,2027-07-13,active
a0eb1577-3ff4-5bde-8b5a-5affcee9cb20,e6737748-110a-5fb6-b103-310e7ef6c619,CARD-000193-2,Amex,1235,2022-02-06T19:41:21Z,2027-07-13,active
e4601506-e71c-5c0e-9b22-1b56a12b4876,6d0d4c14-b6e4-568f-a8bd-9c4cac72406e,CARD-000194-1,Mastercard,5961,2024-04-28T19:41:21Z,2027-07-13,active
bda1a497-f5d9-5acf-a8d4-144cf6039e33,71d5e958-8f40-53dc-93b8-3ef74e8ec798,CARD-000195-1,Mastercard,6358,2025-02-21T19:41:21Z,2030-07-13,active
1311fb3a-1045-5848-9fab-636959239103,71d5e958-8f40-53dc-93b8-3ef74e8ec798,CARD-000195-2,Visa,0653,2025-03-04T19:41:21Z,2029-07-13,active
011d47d8-be59-500d-b03e-303f43ada0e8,7b9a3d35-71aa-536b-af9d-0029ff3fb683,CARD-000196-1,Mastercard,5653,2024-04-28T19:41:21Z,2030-07-13,active
55a109eb-eff0-52dd-962e-5da21ebcfa94,67bca955-914c-5815-8bb0-4adc367a1007,CARD-000197-1,Mastercard,7844,2025-04-28T19:41:21Z,2028-07-13,active
d1dcb07d-035b-55b0-816b-2d1c9a28442c,67bca955-914c-5815-8bb0-4adc367a1007,CARD-000197-2,Amex,2641,2025-05-09T19:41:21Z,2030-07-13,active
0dae36ac-7fa1-51df-8d0c-5188a549ca12,6c14fded-2e7e-5470-9934-ecfdf50e934f,CARD-000198-1,Mastercard,1404,2025-07-02T19:41:21Z,2030-07-13,active
a135da70-6af9-5662-9232-80fbac654808,6c14fded-2e7e-5470-9934-ecfdf50e934f,CARD-000198-2,Amex,7723,2025-08-13T19:41:21Z,2030-07-13,active
695cc268-7cf7-54d5-8007-d85dd8c3a58f,0d583fc6-1db5-5fd7-a253-d6039eb8637c,CARD-000199-1,Amex,6877,2023-11-21T19:41:21Z,2028-07-13,active
0f6021dd-2d1e-5607-bf93-07aaa6dd3215,0d583fc6-1db5-5fd7-a253-d6039eb8637c,CARD-000199-2,Amex,1577,2023-10-11T19:41:21Z,2030-07-13,active
87ebe888-1454-5ab5-b201-496d03c68398,2b0c620e-f66d-5f4b-beaf-33b92c3432f0,CARD-000200-1,Amex,9439,2026-01-23T19:41:21Z,2030-07-13,active
0cf8338a-efce-52d1-a2e1-ef1d29ed1275,ad528104-d7a0-54de-b1fd-022e9324d7cb,CARD-000201-1,Mastercard,1746,2025-04-02T19:41:21Z,2030-07-13,active
b96d738b-60ce-5af9-b54d-4be32ff19bc3,ee9e6045-be2c-5b80-86e7-b738ec60912b,CARD-000202-1,Amex,6522,2023-04-28T19:41:21Z,2028-07-13,active
8ddf6706-70a8-51b3-9039-821d754aee83,1cca31cb-55fe-5f1d-b2f3-be082f19c4fc,CARD-000203-1,Amex,6296,2023-01-03T19:41:21Z,2030-07-13,active
a1d383e9-a803-51b2-99cf-012960dc6cc7,7e6b3204-74fc-5b17-80cd-5e0042f5d224,CARD-000204-1,Visa,2579,2026-02-11T19:41:21Z,2029-07-13,active
c6818043-9e0a-511c-88ea-8c4c67f77c9d,3e286698-37e2-5771-be80-36a64af1725e,CARD-000205-1,Visa,4277,2023-01-19T19:41:21Z,2030-07-13,active
f4cc2173-dd68-58fc-8fce-0fc12655ee30,7c9be000-11ca-501e-92f9-2368a9afd4b2,CARD-000206-1,Visa,5565,2024-12-23T19:41:21Z,2030-07-13,active
11389d37-087c-5bd6-8c8e-a02ab32da7c1,f32f970c-2650-59d8-8e53-040bd4026e5c,CARD-000207-1,Mastercard,1245,2024-05-27T19:41:21Z,2028-07-13,active
adf5b24f-3091-5014-9924-764a14a1a584,f32f970c-2650-59d8-8e53-040bd4026e5c,CARD-000207-2,Mastercard,5142,2024-05-14T19:41:21Z,2028-07-13,active
c9694f55-34ec-5e2f-9ae7-97730eabc457,4e7ba660-9a05-5e7a-b640-e371a641ea5e,CARD-000208-1,Amex,8071,2025-04-04T19:41:21Z,2027-07-13,active
a72277cb-3cc7-57a7-ba06-e1a47beb5221,cb227f75-8159-5262-aa0d-108e181f00ef,CARD-000209-1,Amex,0533,2022-02-02T19:41:21Z,2029-07-13,active
087a4358-5f83-5938-9f61-fe9e55444d31,66e2413c-b291-59f9-bb3e-c01e149aae81,CARD-000210-1,Visa,4413,2026-04-21T19:41:21Z,2031-07-13,active
a998475c-6a2a-5290-9090-0505d5c1a243,125909e9-d9ff-5656-8189-724943039e78,CARD-000211-1,Mastercard,6240,2021-07-13T19:41:21Z,2028-07-13,active
767c0457-a09b-5011-b93a-3a5e07e31fd6,188f9a85-50a2-5b6b-a775-21289b21a3d5,CARD-000212-1,Amex,1577,2024-12-16T19:41:21Z,2029-07-13,active
006274f2-dbc4-53b1-ab10-841a7ab6752f,008af498-8ec0-5e72-a570-22b5ab4c0bc7,CARD-000213-1,Mastercard,5818,2025-08-30T19:41:21Z,2031-07-13,active
68af45e1-ad3d-5b91-9042-1241f55092c5,d9b3a805-ef05-5fdd-adaf-4b7de1c9253f,CARD-000214-1,Visa,5629,2022-10-14T19:41:21Z,2029-07-13,active
193654f4-2389-5ae7-a03d-137ec8ddb1ab,3dcf29e4-e223-56f6-a286-db9701ca5e37,CARD-000215-1,Mastercard,1311,2022-02-17T19:41:21Z,2028-07-13,active
18f64781-e653-5c15-9f12-9a5397f4c69b,dabb3c22-d0e7-54dc-886e-ac4de8d67077,CARD-000216-1,Visa,4053,2023-06-24T19:41:21Z,2029-07-13,active
8e89c7f2-02d9-5621-a914-a7bbd02bf73d,d6956157-0f0c-5375-910e-2fc57d377816,CARD-000217-1,Amex,8835,2021-06-29T19:41:21Z,2031-07-13,active
5fe01b0d-dce5-5317-b27f-8fbfb3f3c882,ce9cc510-f9b5-501c-9ab2-a9a0ada443f5,CARD-000218-1,Mastercard,7816,2024-04-15T19:41:21Z,2027-07-13,active
d0aba183-367a-5ffb-be98-617498ec23ef,e667499c-6c70-5390-b4cc-86e2ba54b892,CARD-000219-1,Amex,4454,2025-06-03T19:41:21Z,2031-07-13,active
5d29db91-3ada-5f99-bc0c-e96b6033be40,9cd3c049-5316-58f2-9fe3-3a143057f374,CARD-000220-1,Mastercard,0134,2022-05-26T19:41:21Z,2027-07-13,active
538e01c5-c012-5def-a98f-822a3b031662,7cfb37e4-72b9-5545-834a-eb833315496a,CARD-000221-1,Visa,4097,2023-10-31T19:41:21Z,2030-07-13,active
fcdeeaf6-2a59-5cc6-9a75-46c8409499b6,02252da8-97b6-5e7b-9e3a-59961168f24f,CARD-000222-1,Visa,4150,2024-03-10T19:41:21Z,2029-07-13,active
5c3f6d8c-417b-5a3d-ad17-223549e1d906,a6137b3c-dbaa-50f0-a8e9-fac4c674ebf3,CARD-000223-1,Mastercard,9768,2025-05-17T19:41:21Z,2029-07-13,active
fe93133e-0b23-5f8f-a917-ce34a00d5940,a6137b3c-dbaa-50f0-a8e9-fac4c674ebf3,CARD-000223-2,Visa,4075,2025-05-18T19:41:21Z,2030-07-13,active
38ffa365-05bc-58aa-9605-8542786dc444,1c94e8fa-aa19-50e7-ae3e-e4593127c581,CARD-000224-1,Mastercard,3161,2022-05-11T19:41:21Z,2030-07-13,active
35aa6e8e-6257-549c-8826-a919b8a6db39,1c94e8fa-aa19-50e7-ae3e-e4593127c581,CARD-000224-2,Mastercard,2207,2022-05-26T19:41:21Z,2027-07-13,active
d958eb90-074a-5737-be85-b6a0927c98f7,5acaac50-20c9-5e04-b075-2edc413b92e2,CARD-000225-1,Visa,7362,2024-05-21T19:41:21Z,2029-07-13,active
24c86010-fa5f-5e13-be12-be8250311667,7457a32c-cbb1-53fe-9395-3e7c5aa3567b,CARD-000226-1,Amex,8151,2021-08-14T19:41:21Z,2031-07-13,active
aeb536f0-2f8f-55a1-b50e-7f473708f8f8,be828cff-c026-5653-8b99-67f937d92018,CARD-000227-1,Mastercard,8026,2022-09-07T19:41:21Z,2031-07-13,active
123c49da-3678-58d5-b6cc-8cd64fd2fc54,c7a951a0-7c3f-5c3e-9653-be94dfa9681e,CARD-000228-1,Amex,1591,2021-10-24T19:41:21Z,2028-07-13,active
3471154b-4014-5e0a-83ba-df65d2ef53e0,c7a951a0-7c3f-5c3e-9653-be94dfa9681e,CARD-000228-2,Amex,6313,2021-10-30T19:41:21Z,2028-07-13,active
87e50a94-6e8d-571e-9f75-1c81648ddf8c,80b432df-7da1-5d4b-a402-f0b66b502cf9,CARD-000229-1,Mastercard,2591,2024-05-16T19:41:21Z,2031-07-13,active
92d8ff01-8881-58ac-90ad-8bf1f054e77c,b537cacf-1602-5af1-9c8f-8f7316bb824b,CARD-000230-1,Mastercard,7412,2021-09-25T19:41:21Z,2030-07-13,active
5e03ac63-985a-5df0-8a6c-04343fe7030d,b537cacf-1602-5af1-9c8f-8f7316bb824b,CARD-000230-2,Visa,0567,2021-09-15T19:41:21Z,2031-07-13,active
16dafe30-07ed-5008-b5dd-410580b54997,3e95afaf-bff2-5420-b706-666caaf86ef9,CARD-000231-1,Mastercard,2557,2026-03-10T19:41:21Z,2029-07-13,active
f9c3b0b2-3dbd-5906-ba2e-582f3a9edeb9,1c4165db-55bc-508e-807c-dff69b5ff936,CARD-000232-1,Amex,9440,2024-03-10T19:41:21Z,2027-07-13,active
b045b4be-1d6e-57b9-aacf-209a4ab5689f,1c4165db-55bc-508e-807c-dff69b5ff936,CARD-000232-2,Amex,4921,2024-01-20T19:41:21Z,2031-07-13,active
29c3d743-6d8f-5e8b-9e08-8a9e782babde,cfeef374-2190-5d38-a1f1-f35badd9c575,CARD-000233-1,Mastercard,8231,2022-03-20T19:41:21Z,2028-07-13,active
5345e0f3-d73d-5a41-ba47-40b8218e0822,72fe351e-e629-5bb6-a960-d1df60bec9ee,CARD-000234-1,Mastercard,8221,2021-12-14T19:41:21Z,2028-07-13,active
8f1cdf6c-5b66-546c-8dee-a8ae6941634c,e734e175-fe1a-5565-8892-264b49c0bb7e,CARD-000235-1,Mastercard,5644,2022-01-14T19:41:21Z,2027-07-13,active
3932406d-3874-55cc-91ca-fa45553ff367,10557c30-fe25-5563-b42b-d89e33781b39,CARD-000236-1,Visa,3339,2025-07-04T19:41:21Z,2031-07-13,active
2fc3269c-fe09-5881-a01b-38a76036ce70,10557c30-fe25-5563-b42b-d89e33781b39,CARD-000236-2,Mastercard,8991,2025-06-30T19:41:21Z,2031-07-13,active
2e8645fc-fbf6-5896-96bf-9992f347b9c5,02852923-575a-5220-95ca-681706243a8c,CARD-000237-1,Visa,0312,2023-09-24T19:41:21Z,2030-07-13,active
4fd1638c-6fa5-553b-8e1f-061d9c472564,4eb16e2a-97f8-5a8d-a695-7de8ec3f686f,CARD-000238-1,Mastercard,2572,2023-04-24T19:41:21Z,2029-07-13,active
ffa2807c-ace0-5673-824e-1d66d72a8bf6,8276e751-738a-52a3-b61c-0669157167b1,CARD-000239-1,Visa,9386,2025-06-18T19:41:21Z,2030-07-13,active
0ba2a1f0-800e-5d8f-9308-0a7466b57893,d71f1277-4910-5e6c-a755-eb17d77cc889,CARD-000240-1,Mastercard,6737,2025-06-15T19:41:21Z,2030-07-13,active
3e2106b7-b5c6-531b-a326-c954a9cd1b2b,67722c79-db92-5687-9762-6da78384b7c3,CARD-000241-1,Visa,2683,2025-01-07T19:41:21Z,2028-07-13,active
34ed06af-cc8e-5ce5-a2c8-768c5f8f5d1c,c392d24c-07a5-5159-99bb-3b618d5a9eaf,CARD-000242-1,Mastercard,6633,2025-06-06T19:41:21Z,2027-07-13,active
5f4f7207-c8a1-5332-a70c-368a3b51d95a,c392d24c-07a5-5159-99bb-3b618d5a9eaf,CARD-000242-2,Amex,6232,2025-06-03T19:41:21Z,2029-07-13,active
91a99c14-72df-5414-859d-047a25336c76,74a4e866-c5a6-511a-a748-18d881721f7f,CARD-000243-1,Amex,0807,2021-09-07T19:41:21Z,2029-07-13,active
d7df91d4-0f38-5d37-bb0f-3a817a201d0b,b1bbddb9-510e-5d20-9efa-87debc84daff,CARD-000244-1,Amex,8952,2026-01-02T19:41:21Z,2030-07-13,active
c747d833-46ca-570b-9219-3cb159264a44,e7beed86-312c-5fa8-8908-07274fe90053,CARD-000245-1,Mastercard,5946,2024-11-24T19:41:21Z,2031-07-13,active
05b019d9-32e0-55a6-a684-41d44f2de671,f817cae9-2f0b-5f0c-9211-8edd1cd9b288,CARD-000246-1,Amex,2960,2022-08-11T19:41:21Z,2028-07-13,active
82ba7caf-4a3e-5dcc-baf7-0efc06551375,c1e5f7c3-037d-514b-958b-5a0ce6406cda,CARD-000247-1,Amex,9134,2022-09-25T19:41:21Z,2028-07-13,active
e43e70f1-c00b-57b7-b9e2-3aa97d2a325e,791474dd-7bfc-5d50-966a-971843df3fc6,CARD-000248-1,Mastercard,9747,2022-08-24T19:41:21Z,2031-07-13,active
ecdfbed9-fec9-5703-9ed8-4f2d29bc34d1,cf973f92-554f-5057-b624-5c10a9150342,CARD-000249-1,Amex,6779,2024-04-24T19:41:21Z,2028-07-13,active
55e11ca1-59c4-5f06-ba25-649fa4bde623,1f95ead4-6df8-5a9a-a114-57e98a45f619,CARD-000250-1,Mastercard,2947,2023-06-30T19:41:21Z,2031-07-13,active
b4998c17-40d6-5b2e-b417-5f4bb614131e,6f4797b9-c15a-5dde-99d3-1225bdced230,CARD-000251-1,Visa,0185,2022-04-06T19:41:21Z,2028-07-13,active
06f47df9-2637-5308-9177-3417cc348656,6f4797b9-c15a-5dde-99d3-1225bdced230,CARD-000251-2,Amex,4614,2022-03-13T19:41:21Z,2027-07-13,active
36b5e131-6783-5655-9c4c-2e2b3d1d4096,f202eed9-2b4a-5748-9e94-b4ed40e4af63,CARD-000252-1,Visa,2224,2024-02-24T19:41:21Z,2028-07-13,active
7cbcd67b-3785-5224-be4e-85f18c1005ef,5a8e351d-b1a0-5164-9350-30163506e88b,CARD-000253-1,Mastercard,6147,2023-02-28T19:41:21Z,2031-07-13,active
2aff69e2-bd25-572f-bbdb-355cea5d9769,5a8e351d-b1a0-5164-9350-30163506e88b,CARD-000253-2,Visa,9354,2023-02-26T19:41:21Z,2030-07-13,active
14eaf310-13b7-5205-9dbc-74f99e800b44,0ef8130f-6564-55c0-a4e4-9cad2d241b7f,CARD-000254-1,Mastercard,0612,2025-12-08T19:41:21Z,2028-07-13,active
180f8d3d-aea1-5eed-a7a0-ab44ade71ea7,e9e5a862-207d-597e-a048-262803fcb46c,CARD-000255-1,Visa,9736,2022-08-24T19:41:21Z,2027-07-13,active
cb76a5b0-8122-56d8-b0e9-8e2eed65ad8c,86016c64-c135-5c05-be60-2913de461978,CARD-000256-1,Mastercard,1875,2024-06-27T19:41:21Z,2031-07-13,active
e29b1256-5fd1-55c8-a25c-bb3ae1f2d09a,b0451391-d4e0-5ce4-b879-bd0f3200c6e5,CARD-000257-1,Visa,6284,2025-11-24T19:41:21Z,2027-07-13,active
33419b06-c392-5e23-a7ed-7910afee0b9d,638371db-f9cb-5d83-915b-a9c3c76e3aaf,CARD-000258-1,Mastercard,5085,2021-10-27T19:41:21Z,2030-07-13,active
e6f177c9-1e09-5401-866d-0189eeca4723,7331e5d2-50fb-5df0-947d-e6c0737c203a,CARD-000259-1,Mastercard,7842,2022-06-12T19:41:21Z,2028-07-13,active
d2c13e63-8835-5bfe-a248-2de6aca4ace0,ef0f8767-2788-5097-84b5-502befded852,CARD-000260-1,Amex,2605,2024-07-17T19:41:21Z,2030-07-13,active
da074100-6016-5476-98ca-2d6af99bf827,aac5fa96-bb24-55f2-9455-43e758b90fbf,CARD-000261-1,Amex,1599,2022-09-18T19:41:21Z,2030-07-13,active
5e517773-20b7-58fa-8139-503f886e91b6,aa970527-c0cf-535e-983b-9596654b33da,CARD-000262-1,Mastercard,8704,2022-09-21T19:41:21Z,2030-07-13,active
15a89c0b-32ec-5e9b-9cd8-5014e39a0eaf,5c13edef-f13c-5f12-b0ae-a74940dcf4e5,CARD-000263-1,Visa,0013,2023-02-22T19:41:21Z,2031-07-13,active
507d62aa-8ab5-5602-9820-2ac9803143b2,5c13edef-f13c-5f12-b0ae-a74940dcf4e5,CARD-000263-2,Mastercard,1797,2023-03-04T19:41:21Z,2029-07-13,active
d1fd3673-be51-5693-883b-de88e421a083,6a915a7b-a266-55a1-b4e9-afcf9e0d7a7f,CARD-000264-1,Visa,4726,2023-05-20T19:41:21Z,2028-07-13,active
ce452bdc-e457-5779-9d4e-6aa713f41146,6a915a7b-a266-55a1-b4e9-afcf9e0d7a7f,CARD-000264-2,Visa,0190,2023-03-30T19:41:21Z,2027-07-13,active
3d96a922-0fc3-5cdf-9a1e-c738b58e17b1,55036053-ca6b-592d-9855-59d34b205445,CARD-000265-1,Mastercard,3698,2021-11-23T19:41:21Z,2030-07-13,active
8f9b0fd2-372d-5d94-a350-0e520ae15165,7c97fd0f-f41d-55fd-afc5-696822d4820d,CARD-000266-1,Mastercard,7617,2023-03-12T19:41:21Z,2027-07-13,active
73eda47d-14a7-54ad-ba00-df087a9e1395,7c97fd0f-f41d-55fd-afc5-696822d4820d,CARD-000266-2,Amex,9995,2023-02-12T19:41:21Z,2028-07-13,active
66087241-0dca-5b94-9d9c-b35022056c4d,ca3a65c9-44a5-5523-8385-c17334586f5f,CARD-000267-1,Mastercard,4738,2021-12-13T19:41:21Z,2027-07-13,active
d8e56494-4c19-5132-a77b-72b3c66ef7a9,ca3a65c9-44a5-5523-8385-c17334586f5f,CARD-000267-2,Amex,9791,2022-01-19T19:41:21Z,2029-07-13,active
d5b24f09-d48a-5411-90f9-8317f9ac7535,454a89c0-7863-5b77-a029-0c14cef92d00,CARD-000268-1,Mastercard,0232,2023-09-13T19:41:21Z,2027-07-13,active
4f054fc1-6bf1-567f-a445-6ad11e9c5ca0,091fa46a-469e-5801-a890-acb34aa893fd,CARD-000269-1,Amex,2740,2021-06-28T19:41:21Z,2031-07-13,active
2fb36036-53af-5f30-949e-f742a8e94fe5,7832cf70-08f0-5584-8a87-07c9f02477bf,CARD-000270-1,Amex,7122,2023-08-14T19:41:21Z,2029-07-13,active
3405ea14-6b1a-56f3-a1f9-0b36ee8a4235,e93403b3-89f8-50bc-9e53-fc7c164a8c3f,CARD-000271-1,Visa,8518,2021-11-05T19:41:21Z,2028-07-13,active
c4dc00f0-9b74-5795-aaa1-df4ee771104b,d3fc6943-421c-529e-a521-5b577e0fa19e,CARD-000272-1,Visa,9734,2023-06-17T19:41:21Z,2028-07-13,active
1ce51598-355f-5276-b446-50f354dd1eb7,bf90f861-de89-5d87-8a6f-8cb3d333826a,CARD-000273-1,Amex,5298,2024-09-05T19:41:21Z,2028-07-13,active
cc45856b-063b-5534-9b04-488d1a798f35,9d52ec2a-6c29-5f97-9706-aa023ac12981,CARD-000274-1,Visa,1740,2023-09-09T19:41:21Z,2030-07-13,active
efde890d-8675-5897-a0e6-d8ceda3f291e,9d52ec2a-6c29-5f97-9706-aa023ac12981,CARD-000274-2,Amex,4243,2023-07-19T19:41:21Z,2027-07-13,active
62116246-d07e-52a6-9d2f-40f33c18c8d5,ce87608f-b638-559d-b4ab-3bfb84934d04,CARD-000275-1,Visa,8444,2022-10-01T19:41:21Z,2030-07-13,active
cf9f8408-add0-5b3d-a9db-f4effd1da968,b236ad87-c62a-5e5b-a167-394ac7b10bed,CARD-000276-1,Amex,1485,2025-09-02T19:41:21Z,2031-07-13,active
50f96f8f-a3bc-5b1a-aa09-a748eb84dc89,b236ad87-c62a-5e5b-a167-394ac7b10bed,CARD-000276-2,Mastercard,1318,2025-10-02T19:41:21Z,2030-07-13,active
63357474-33c3-56f1-b306-9e5f0cfce718,02909971-2239-5e8a-a38e-0fd87dfe152d,CARD-000277-1,Amex,7361,2025-10-25T19:41:21Z,2027-07-13,active
579206ae-175d-58f1-b622-429f86d30a70,dbbaf274-532b-5039-b8a7-2374303581b6,CARD-000278-1,Amex,2138,2025-06-14T19:41:21Z,2028-07-13,active
b6daa792-5af0-5dd5-a7fb-70b25302a9b7,e9d94977-8536-5474-915d-f3e1d55b59d8,CARD-000279-1,Mastercard,1979,2021-12-04T19:41:21Z,2031-07-13,active
40a60ddb-2411-5123-85b0-847e770b41db,f89cd0fe-0307-5fcf-9233-74ac498117da,CARD-000280-1,Visa,2185,2025-08-17T19:41:21Z,2031-07-13,active
449c5f59-a846-5f63-9095-f02050d98e09,f89cd0fe-0307-5fcf-9233-74ac498117da,CARD-000280-2,Mastercard,2584,2025-08-12T19:41:21Z,2030-07-13,active
c52a67e6-6f50-53f2-80c6-7f52fef5cebe,0c88d4df-2205-5262-962a-367bc69b127f,CARD-000281-1,Visa,9769,2022-06-09T19:41:21Z,2030-07-13,active
04ec0cfa-f54d-59e7-b2d3-0881e153b344,a41a3202-b525-5e62-bb36-ab8cba6e3459,CARD-000282-1,Visa,1846,2024-05-24T19:41:21Z,2028-07-13,active
5a2b045c-614a-57f6-92a3-27e66cb8354f,cd66f0d5-2e71-5816-b1f4-67920d8f2ffb,CARD-000283-1,Amex,5340,2024-12-13T19:41:21Z,2028-07-13,active
6cab8041-c60e-5f18-8fbb-e70a058f17e5,d4c01240-e540-5d07-a36c-b6f6a975a636,CARD-000284-1,Mastercard,6119,2025-01-27T19:41:21Z,2030-07-13,active
2a978f3b-6a4f-53cf-875f-1dfde6c48e92,dd22812a-9289-5242-9e0d-00547e94069c,CARD-000285-1,Amex,2784,2021-08-11T19:41:21Z,2031-07-13,active
31260c1f-998e-5bee-b3c4-8ce99d3c2818,dd22812a-9289-5242-9e0d-00547e94069c,CARD-000285-2,Visa,1416,2021-08-01T19:41:21Z,2031-07-13,active
4343729b-7ac4-5383-8e3e-90d4193039b6,4ad56bd4-04a4-57de-84aa-a05964dd842e,CARD-000286-1,Amex,0083,2022-03-26T19:41:21Z,2027-07-13,active
6169e3da-f3c8-59be-a667-fe11d72d9ef5,51d79a0d-d12c-5343-a9de-93e0c02a9948,CARD-000287-1,Mastercard,3916,2023-11-12T19:41:21Z,2027-07-13,active
640fd919-466e-5e7f-b11b-c5dab3956ac0,19e876ea-e752-5315-9eff-7fbd7e88c7d1,CARD-000288-1,Amex,5454,2022-01-19T19:41:21Z,2027-07-13,active
18e357d5-0e89-5f45-9a3e-d14d0be5b51d,2dfdeeac-3796-579f-85f8-44b2c8832a45,CARD-000289-1,Amex,1097,2023-07-01T19:41:21Z,2028-07-13,active
233aef22-756b-50b3-a704-535845422dd3,2f595843-8b8c-5d48-97be-9356ad4f1335,CARD-000290-1,Amex,8629,2024-08-20T19:41:21Z,2027-07-13,active
4631c8fb-5093-5241-85c1-bd638a7a8e4b,69623a5b-cea2-53d0-9044-90ce5af7510f,CARD-000291-1,Visa,8530,2025-05-05T19:41:21Z,2027-07-13,active
241a22f5-0783-5aa8-aca1-fca6a9fd2b7d,e3914450-f041-5794-9a78-2eddd5a751cb,CARD-000292-1,Mastercard,7965,2023-11-25T19:41:21Z,2031-07-13,active
edab27b2-6ae4-5d10-845e-158aaa173cb8,54c55787-f07c-5d20-8dbc-a095a9d3af88,CARD-000293-1,Amex,4673,2024-09-13T19:41:21Z,2028-07-13,active
b42854dc-bdff-5d80-8080-a2168804366d,68a84168-3857-5715-a5a2-e2e82095e087,CARD-000294-1,Visa,6628,2025-06-01T19:41:21Z,2030-07-13,active
a5fa2454-ebab-5009-976b-fd4e260b0cf9,b481c644-b6a3-5f68-8bba-b8f46bb21d8f,CARD-000295-1,Visa,7847,2022-03-20T19:41:21Z,2027-07-13,active
7ce4f6ad-31d0-5732-a33f-7918c85864bb,cc20b399-e3ff-566e-baca-bd46da3304ce,CARD-000296-1,Visa,0369,2024-04-19T19:41:21Z,2031-07-13,active
33fc7532-8b4d-5d7b-b3eb-cc8354395041,cc20b399-e3ff-566e-baca-bd46da3304ce,CARD-000296-2,Mastercard,1431,2024-05-16T19:41:21Z,2030-07-13,active
2d2f7ee2-d081-5103-94b8-9f378089924a,977e8fbf-71eb-5b13-80bd-8843a80b8ee7,CARD-000297-1,Visa,3533,2022-05-26T19:41:21Z,2030-07-13,active
f3a071f8-e347-52de-834f-fa43608dd956,977e8fbf-71eb-5b13-80bd-8843a80b8ee7,CARD-000297-2,Amex,6809,2022-05-31T19:41:21Z,2030-07-13,active
4f128b55-cc3d-59c6-a802-55bdb254878e,658eff13-e24e-5f87-8bec-8a9e87ac55a2,CARD-000298-1,Visa,0108,2025-03-12T19:41:21Z,2029-07-13,active
5df3e52a-6db9-525d-aa10-63d1f15fe4ab,658eff13-e24e-5f87-8bec-8a9e87ac55a2,CARD-000298-2,Mastercard,2865,2025-03-21T19:41:21Z,2030-07-13,active
1991ed86-4842-5bab-a88e-346e94a04458,67b1721b-ed46-5275-90ed-076a7ce6e177,CARD-000299-1,Mastercard,2034,2023-04-07T19:41:21Z,2029-07-13,active
197a6fdd-a708-560a-952a-c4f9d578ad2d,67b1721b-ed46-5275-90ed-076a7ce6e177,CARD-000299-2,Mastercard,2938,2023-03-28T19:41:21Z,2028-07-13,active
7b7f3008-5274-503e-98a5-3246a84069d9,d15a0409-a6c7-51f2-8994-66944c71b75d,CARD-000300-1,Visa,9529,2022-10-10T19:41:21Z,2028-07-13,active
b7c0b054-dd21-5628-ba6d-ba14a09ad96f,d15a0409-a6c7-51f2-8994-66944c71b75d,CARD-000300-2,Mastercard,7553,2022-12-02T19:41:21Z,2028-07-13,active
5850e68d-2357-55f3-bb85-da24b57e877f,1105e265-eff4-598a-89ba-04001f308823,CARD-000301-1,Visa,8908,2024-09-15T19:41:21Z,2029-07-13,active
710ceea9-3a8d-50cd-8190-2beebfa0ad94,a1a4bae0-e56d-5ff8-8784-e0ffbae3e2fa,CARD-000302-1,Visa,3087,2023-07-09T19:41:21Z,2031-07-13,active
991ffaba-58c8-51cb-bcac-04edbd70a0a1,da7867c1-41be-5a88-9e3c-d5da01137cfa,CARD-000303-1,Mastercard,2821,2023-09-21T19:41:21Z,2029-07-13,active
259ac2a7-33db-5e12-b261-043e1b4bdc55,da7867c1-41be-5a88-9e3c-d5da01137cfa,CARD-000303-2,Visa,1943,2023-08-21T19:41:21Z,2028-07-13,active
2ba574b6-e139-5e3b-8196-925726ffa6e4,66e98f67-ee73-5e57-81ca-9ecd347b0f46,CARD-000304-1,Visa,4942,2022-01-22T19:41:21Z,2027-07-13,active
467deb51-d35b-55ad-82c0-efa9a2561f4e,e7d0bb39-5fa9-58ed-bb49-df5abc78a46c,CARD-000305-1,Amex,0229,2024-06-05T19:41:21Z,2028-07-13,active
44527464-4293-5c1d-946e-7cbfd8c87625,8af5fb12-ee95-5281-94a0-8ec3aac45f18,CARD-000306-1,Mastercard,1848,2025-05-19T19:41:21Z,2029-07-13,active
439b236f-b885-55dd-b955-5b10811f33de,b749390e-d531-552c-a576-9b7a52e39b68,CARD-000307-1,Mastercard,3700,2022-05-03T19:41:21Z,2030-07-13,active
ab94926a-7c07-5741-b208-054b9b583193,62993a40-793f-556e-bcd4-22303220df12,CARD-000308-1,Mastercard,6563,2026-05-03T19:41:21Z,2031-07-13,active
4a4660c9-c547-5f6c-a6f1-dc1c741a8466,344c3dac-f87a-5721-b5f0-4a9feed4a12b,CARD-000309-1,Mastercard,8379,2023-01-03T19:41:21Z,2028-07-13,active
63f21fdc-f043-53d5-a58a-33749997c1c0,344c3dac-f87a-5721-b5f0-4a9feed4a12b,CARD-000309-2,Mastercard,1770,2022-12-24T19:41:21Z,2029-07-13,active
2a5f0c4b-841c-5a79-b084-9add6fa73ea3,ce1847ff-0ad5-5adc-bcf2-463e361429b8,CARD-000310-1,Visa,8518,2022-08-15T19:41:21Z,2030-07-13,active
a68b8b7f-aa6a-5060-b19b-1570ab729e82,5a731023-5808-5965-b505-9995639bbbef,CARD-000311-1,Mastercard,2689,2025-09-15T19:41:21Z,2030-07-13,active
7129b54b-d67c-5de2-8024-32212823e919,e7bdf141-1fab-5cda-9048-c9036d3ec14d,CARD-000312-1,Mastercard,5250,2023-02-22T19:41:21Z,2027-07-13,active
75ef3554-31d0-5291-b26a-f75721e4f32e,5f08a43c-b19c-5c6f-8d17-ad84b9b802b8,CARD-000313-1,Mastercard,1875,2024-01-14T19:41:21Z,2028-07-13,active
1dca42d2-241f-5f0a-a728-05913b110e5e,5c862f2e-fe40-5780-b1d5-2261df9cc066,CARD-000314-1,Visa,3373,2022-06-11T19:41:21Z,2030-07-13,active
f520d765-04f2-584f-93ea-73707aa167f8,5c862f2e-fe40-5780-b1d5-2261df9cc066,CARD-000314-2,Amex,5563,2022-05-31T19:41:21Z,2031-07-13,active
ddc84319-aca1-5127-9a78-0394b16d446f,2e9e074c-a165-533a-9dae-531554e2f767,CARD-000315-1,Visa,9697,2026-01-29T19:41:21Z,2029-07-13,active
0eba1088-ff77-54bb-8b3a-0d9f0b9e43b9,2e9e074c-a165-533a-9dae-531554e2f767,CARD-000315-2,Visa,9280,2026-02-28T19:41:21Z,2031-07-13,active
b1f0bb14-caaa-5af7-93cb-a37665e51631,ea597338-d257-5223-aba4-c9802bd4b8e3,CARD-000316-1,Visa,8457,2022-09-20T19:41:21Z,2028-07-13,active
86653073-9681-5852-9d7e-10e01a015a53,c9b4ce59-ec16-5aac-a5d6-0402cc7e4304,CARD-000317-1,Amex,3335,2025-02-01T19:41:21Z,2030-07-13,active
c61218c0-d9f9-5644-966b-4983f8a14096,c9b4ce59-ec16-5aac-a5d6-0402cc7e4304,CARD-000317-2,Mastercard,4702,2025-01-19T19:41:21Z,2028-07-13,active
f74b3681-7624-5cb3-9ee0-971fe4568388,65d8db37-2e41-5ee9-919a-75f110ed2a9a,CARD-000318-1,Visa,2610,2026-03-07T19:41:21Z,2028-07-13,active
4a378f04-5469-5421-9dd3-07e4cee221fd,65d8db37-2e41-5ee9-919a-75f110ed2a9a,CARD-000318-2,Visa,4233,2026-04-09T19:41:21Z,2029-07-13,active
87c746d5-dc87-54dd-aeab-3135ea1ffed6,dcda9d9f-5e9e-526e-9372-2d9c4e62b80f,CARD-000319-1,Visa,9354,2024-02-19T19:41:21Z,2031-07-13,active
1d541db7-72c1-5f08-a96b-09d24fcab360,4b09d7b2-cf8d-5132-92c2-fc703f9ebfb0,CARD-000320-1,Mastercard,1850,2025-07-14T19:41:21Z,2031-07-13,active
7dca2937-7e16-5d47-9953-f76dfb2f44f2,79cc53e3-edda-52d0-be31-867e3b2f1e44,CARD-000321-1,Visa,4144,2021-10-11T19:41:21Z,2030-07-13,active
3fc80e26-2473-502b-aded-0097dcd616ba,79cc53e3-edda-52d0-be31-867e3b2f1e44,CARD-000321-2,Mastercard,5945,2021-11-02T19:41:21Z,2027-07-13,active
51591408-903e-5541-9ac5-e57ad94af983,80e15c43-5053-5d09-91d7-5d837117902f,CARD-000322-1,Amex,6656,2025-12-02T19:41:21Z,2027-07-13,active
6621b543-02a3-5cb6-9813-cc48807aa2ff,36fc7437-3cea-5b35-a830-43f3e0abbf2f,CARD-000323-1,Mastercard,0448,2021-10-18T19:41:21Z,2027-07-13,active
f32e97d8-f6c5-5cfa-aaf3-8fbbde3d9623,36fc7437-3cea-5b35-a830-43f3e0abbf2f,CARD-000323-2,Amex,3010,2021-10-10T19:41:21Z,2030-07-13,active
04713af1-d4ad-54ec-b4b7-da6cc471356d,1fd0ba42-d5e6-5bd5-a3b5-e848c913e6ef,CARD-000324-1,Mastercard,7397,2023-06-23T19:41:21Z,2028-07-13,active
7d23beff-88f7-5725-8350-af92b06e925c,1fd0ba42-d5e6-5bd5-a3b5-e848c913e6ef,CARD-000324-2,Mastercard,2842,2023-07-06T19:41:21Z,2031-07-13,active
b1e86b06-492c-5df8-b665-60a857033720,d38abce6-1775-5a5c-b4e7-942828545e22,CARD-000325-1,Amex,4262,2023-03-08T19:41:21Z,2027-07-13,active
170c79db-7602-5e7f-a969-d710fa150f5c,7e247644-9b43-5cfd-9ff4-6d61333eae08,CARD-000326-1,Amex,3102,2024-09-29T19:41:21Z,2028-07-13,active
49b29a93-5a1a-5f45-a0be-e28850018aa5,47cb347c-a14d-5bba-9181-c4254f4691cf,CARD-000327-1,Visa,6283,2024-05-03T19:41:21Z,2030-07-13,active
06b88192-f5fe-5f82-968c-0e3180f1fcd4,cf18306a-fee7-5258-9dc1-139d282183b7,CARD-000328-1,Visa,9167,2022-07-14T19:41:21Z,2031-07-13,active
d1b4ed5a-90e8-5c2e-80ce-248982d9d8ff,7b7ddd4f-9e5a-5cfc-b0e2-ed11c0710e9f,CARD-000329-1,Mastercard,5907,2024-09-02T19:41:21Z,2030-07-13,active
f26981f7-2a4c-5a94-bd83-b767e2f807ad,7b7ddd4f-9e5a-5cfc-b0e2-ed11c0710e9f,CARD-000329-2,Mastercard,4312,2024-08-13T19:41:21Z,2029-07-13,active
b0f61770-ee36-50df-a08b-b15f25292b2b,29a17261-2eae-5915-a086-3a10cf18a775,CARD-000330-1,Mastercard,0668,2025-04-22T19:41:21Z,2029-07-13,active
3d98b84e-99b6-5eda-bd84-a3830c2e041a,739be524-7ae3-5152-9f3a-4a1c829bca2b,CARD-000331-1,Visa,6822,2021-11-01T19:41:21Z,2027-07-13,active
6085b903-6d08-5b2c-b2f2-d403904d3a71,739be524-7ae3-5152-9f3a-4a1c829bca2b,CARD-000331-2,Visa,8161,2021-10-17T19:41:21Z,2027-07-13,active
10c72a9a-f4d2-5630-bb57-33144ba97663,94ebcf6d-3a10-5f31-a2da-5ce9e60dc0bd,CARD-000332-1,Visa,7423,2025-11-20T19:41:21Z,2031-07-13,active
45da4f7d-00e9-58dd-bba5-f16fc64a4a64,204acdea-0b11-59ac-bcdd-489ab19eb3a0,CARD-000333-1,Mastercard,4668,2024-03-01T19:41:21Z,2028-07-13,active
ac360bd5-b0c7-5e34-b148-1bd7cfcfc7f9,b5ed50cd-fce3-5228-a329-487df5f37c4d,CARD-000334-1,Mastercard,6033,2021-09-23T19:41:21Z,2028-07-13,active
eb81764c-4608-5d3a-b695-3eb55bcbf61b,f6f6d36b-76d4-5c3e-a356-41e2ed8f30aa,CARD-000335-1,Visa,2093,2023-08-18T19:41:21Z,2029-07-13,active
3e74fb40-bc3e-5966-a756-378c0a02686b,e843ef18-9f5c-5856-b56f-2b09d0fb1cd8,CARD-000336-1,Visa,7583,2025-10-15T19:41:21Z,2028-07-13,active
f0bba231-4a93-5ea7-b39b-505e327b3cc2,96783d7a-9aa0-57d9-8fcf-6e14d892271a,CARD-000337-1,Visa,0095,2021-10-25T19:41:21Z,2027-07-13,active
b1fa2a0c-25e3-5360-8a79-e3f231cf5878,7979395f-9a53-5b04-8f3c-42a107ab4ad6,CARD-000338-1,Visa,0227,2021-10-05T19:41:21Z,2027-07-13,active
9b587444-8676-5718-9519-011350d41b47,f7d8b741-f157-5286-afcf-d48b16204e15,CARD-000339-1,Amex,7295,2025-04-21T19:41:21Z,2030-07-13,active
48592b0b-abc6-56c1-bb28-e9d0af56642d,58af5ef8-38ee-53fe-bbaf-f919a3d652cf,CARD-000340-1,Visa,7987,2024-06-26T19:41:21Z,2030-07-13,active
c09598ea-d6a3-50f5-a533-fc1f5ae760d8,58af5ef8-38ee-53fe-bbaf-f919a3d652cf,CARD-000340-2,Amex,9683,2024-07-17T19:41:21Z,2031-07-13,active
7f0338a0-937c-53e8-a2a5-11b909c0c4d7,162601be-f9a5-5c28-866b-e134c36ce09a,CARD-000341-1,Amex,5556,2022-12-15T19:41:21Z,2031-07-13,active
3859034d-833b-5913-8455-7b7f8bcf4245,e0a98149-884d-576f-bf93-d224976055fd,CARD-000342-1,Mastercard,8089,2025-03-06T19:41:21Z,2028-07-13,active
8c517b18-dfda-5883-93d5-21a76e8627b2,e202b61e-1829-5696-878b-c4f14150e750,CARD-000343-1,Visa,7968,2021-09-09T19:41:21Z,2029-07-13,active
ff84682b-5187-5e4c-8384-682aaed4f4ef,737776f2-fce6-54d8-8269-8b371d35b292,CARD-000344-1,Visa,8311,2021-08-02T19:41:21Z,2028-07-13,active
58720b1b-f7f6-59ee-8a8b-26ee6ed5f19c,737776f2-fce6-54d8-8269-8b371d35b292,CARD-000344-2,Amex,1934,2021-09-20T19:41:21Z,2028-07-13,active
7b3901ae-182e-5a7b-a71d-2280d4e3d9f7,a827c3fe-849d-5ef0-8765-f055ca2960a2,CARD-000345-1,Mastercard,6799,2024-01-08T19:41:21Z,2028-07-13,active
97cbe86b-74ca-5e46-ab3b-09506e4a31c4,93ed1d70-0198-5c88-98d8-8502a5a423cb,CARD-000346-1,Visa,8476,2024-01-02T19:41:21Z,2027-07-13,active
db9fe6dd-c9ee-5dee-8123-de01c2fc5f8d,10a53fed-362d-52c3-ae0b-3dfd09564006,CARD-000347-1,Amex,9070,2023-03-21T19:41:21Z,2029-07-13,active
47b0e640-7c3a-51ba-93c1-6d5bc61f8982,05b0cc1b-6ffa-57b4-b891-59421acc3256,CARD-000348-1,Visa,4940,2023-04-02T19:41:21Z,2027-07-13,active
db11b192-df47-53a1-a5f4-ea277ff4e6b4,e11cf551-6ae9-5728-ae32-9ea577cf93dd,CARD-000349-1,Visa,4979,2023-04-27T19:41:21Z,2030-07-13,active
c62df965-7315-5d40-8d0b-18e01908889e,2b2a8416-f6ef-59ff-96d0-bcf6ce0c5f9b,CARD-000350-1,Visa,5739,2025-01-06T19:41:21Z,2029-07-13,active
ce121c09-b9e3-551f-8ef6-1cbf290fe0e7,2b2a8416-f6ef-59ff-96d0-bcf6ce0c5f9b,CARD-000350-2,Amex,9384,2025-01-30T19:41:21Z,2028-07-13,active
a64be222-9608-506a-a3d1-3155f37114f8,4f16e4eb-437a-5ed7-9052-5be4c1aefc8e,CARD-000351-1,Mastercard,8622,2022-05-14T19:41:21Z,2031-07-13,active
c445e9c9-959b-5917-bbc9-67fd3a3661e6,e857e8d2-459d-5e39-ae54-c1c057906804,CARD-000352-1,Mastercard,7755,2023-06-17T19:41:21Z,2028-07-13,active
36df4f9b-e5de-535c-9aea-799ca74d9a06,0316d318-520d-58f6-b980-5ea138520304,CARD-000353-1,Amex,8008,2024-08-02T19:41:21Z,2027-07-13,active
6b5429b9-eb36-594c-b1cd-4d9b2486728a,4261025d-bd14-572b-8371-fba81e126096,CARD-000354-1,Mastercard,7357,2021-12-06T19:41:21Z,2029-07-13,active
a5afda10-369e-57f7-b3b2-83f3292c08f8,12b84d77-a36f-5e0b-8a3a-73c689997bda,CARD-000355-1,Amex,5060,2023-05-09T19:41:21Z,2027-07-13,active
b0b37d08-ecdd-561d-8df6-0ebcc5ef7fd8,12b84d77-a36f-5e0b-8a3a-73c689997bda,CARD-000355-2,Amex,9164,2023-04-09T19:41:21Z,2028-07-13,active
3cad5dc1-afdb-598e-aea7-914f0724588f,dba87146-cfca-566a-a6ef-08ae9a05c63d,CARD-000356-1,Visa,8052,2025-01-23T19:41:21Z,2027-07-13,active
b6b69f3f-072a-52ec-a7ee-d72118e1252c,4b5928ab-bea5-57d1-b4f1-495260222fae,CARD-000357-1,Mastercard,2772,2025-08-27T19:41:21Z,2031-07-13,active
f5d8f2cf-4a3f-54c0-aa72-68a6cc984aff,3aa1d797-1882-5de7-8265-57c943962ce8,CARD-000358-1,Mastercard,0993,2026-01-19T19:41:21Z,2030-07-13,active
4e96364b-eeb2-5a95-bc21-23b2f25eed06,3aa1d797-1882-5de7-8265-57c943962ce8,CARD-000358-2,Amex,6669,2026-01-03T19:41:21Z,2030-07-13,active
becc92b1-1b29-592e-8793-1604015b9183,4c5e6375-7f37-5180-8970-a9cde49988c2,CARD-000359-1,Visa,6116,2022-02-07T19:41:21Z,2028-07-13,active
23df083a-2ed2-5808-b8db-30a276b8151c,a7c1cdf0-3545-52f3-a881-e11de6d2c59a,CARD-000360-1,Visa,9587,2026-02-04T19:41:21Z,2031-07-13,active
47a7c7fc-a99c-5c08-a45e-e7caf79aeb16,a7c1cdf0-3545-52f3-a881-e11de6d2c59a,CARD-000360-2,Mastercard,0745,2025-12-23T19:41:21Z,2031-07-13,active
2c21281a-67be-5cdb-8d08-cb44560a6662,7be2ebf5-81de-592a-b2e5-40a19d27a48e,CARD-000361-1,Amex,5381,2022-09-24T19:41:21Z,2028-07-13,active
bc0870fb-151d-5325-9a5a-875903f32fca,7fe2b827-3041-532b-98bd-977260d80a8a,CARD-000362-1,Amex,5864,2023-05-02T19:41:21Z,2028-07-13,active
8a653954-ccb8-5c7e-ba15-edf869be9621,707622ea-22ec-541b-ba15-6c95fab903f0,CARD-000363-1,Mastercard,5947,2022-06-24T19:41:21Z,2029-07-13,active
73247a02-ec3f-5a38-b3c6-018e48eb7660,16b85c93-4768-57b3-8639-fc9db34eb9de,CARD-000364-1,Visa,1070,2024-10-31T19:41:21Z,2028-07-13,active
6769948b-e940-5bef-90be-49ee36d35e4a,7fc1b7d2-5472-5a49-aeee-7d4980e19193,CARD-000365-1,Visa,3678,2023-11-26T19:41:21Z,2029-07-13,active
23f39189-30b5-5ea1-8418-68fd14621dfd,ec75ca47-2efb-5ac1-8fa4-474ba6b41bc1,CARD-000366-1,Amex,5477,2025-04-30T19:41:21Z,2029-07-13,active
6d909679-7064-5e83-a7a0-5f7cbca84529,d4c6199b-871a-5cd5-af45-f71e2a9202a9,CARD-000367-1,Mastercard,5132,2022-02-03T19:41:21Z,2027-07-13,active
a6bfe221-649c-5d17-bf76-ba9132474457,d4c6199b-871a-5cd5-af45-f71e2a9202a9,CARD-000367-2,Visa,1015,2022-02-05T19:41:21Z,2030-07-13,active
4e0295e2-5bb5-5ec6-9542-d9639bdafcd7,6af31680-01ad-5042-9e87-4f297447df5d,CARD-000368-1,Mastercard,6290,2021-08-08T19:41:21Z,2030-07-13,active
03519916-ce3a-5436-812d-0abaf40fec48,05376d52-beb3-5e0e-8e55-0fb02c234a16,CARD-000369-1,Mastercard,3046,2022-12-29T19:41:21Z,2028-07-13,active
2d5e00da-6f53-5da2-89c8-69921fa77ab6,05376d52-beb3-5e0e-8e55-0fb02c234a16,CARD-000369-2,Visa,0991,2022-12-22T19:41:21Z,2029-07-13,active
00fcfe1f-badf-54d0-b472-790a1cabe48c,3b2c9af3-c5ba-5ea2-af93-892faca3889b,CARD-000370-1,Mastercard,3201,2023-06-02T19:41:21Z,2028-07-13,active
5b05f0ec-1394-5928-831e-a7845359616d,77ecc4d2-4e2b-581a-9f6a-fcf12b806835,CARD-000371-1,Mastercard,6158,2024-06-24T19:41:21Z,2030-07-13,active
303bcbff-fd2b-5e21-99a4-48d88fde2712,fbea38f2-59c8-54e9-8583-4eff828de207,CARD-000372-1,Mastercard,2853,2025-09-06T19:41:21Z,2029-07-13,active
d1620000-31a6-58ea-bb32-cd167e086b03,6344c648-5c92-5fc4-be9d-999bd76c8f6e,CARD-000373-1,Amex,2807,2024-04-02T19:41:21Z,2031-07-13,active
110eeec8-89ff-5c95-934a-8eabaa797359,6344c648-5c92-5fc4-be9d-999bd76c8f6e,CARD-000373-2,Mastercard,1071,2024-03-07T19:41:21Z,2028-07-13,active
2a569b77-bf39-568c-8c75-ff6ecf235e5b,9a32ff78-f67e-5aea-8000-3cb92bf083cf,CARD-000374-1,Visa,8327,2023-02-05T19:41:21Z,2030-07-13,active
8ac353f4-b142-5416-bce8-c16655be5d36,06d31122-da04-583a-ad2c-336dd56817e7,CARD-000375-1,Mastercard,4396,2024-04-16T19:41:21Z,2030-07-13,active
a7d154bf-9735-5961-8449-cc0341da1cb8,06d31122-da04-583a-ad2c-336dd56817e7,CARD-000375-2,Amex,9567,2024-04-20T19:41:21Z,2027-07-13,active
62fa603d-5f36-58c8-850b-85fb3b8d205b,2c64e99f-0785-59b7-8513-a4705316f728,CARD-000376-1,Mastercard,7282,2023-12-30T19:41:21Z,2029-07-13,active
90f2df0f-4283-5bc4-b8a0-fa5bd1ce130c,2c64e99f-0785-59b7-8513-a4705316f728,CARD-000376-2,Visa,9567,2023-11-29T19:41:21Z,2030-07-13,active
adf231fd-d7ad-5935-b629-414351863639,ce7e7891-5582-58e1-b154-025be437108f,CARD-000377-1,Visa,4825,2021-12-03T19:41:21Z,2031-07-13,active
d42f3970-27ae-5926-8fd7-398de904ad53,2d485153-0c7a-5534-a741-a276e49e3471,CARD-000378-1,Amex,4496,2025-12-02T19:41:21Z,2031-07-13,active
a0ba7923-3e08-53fb-946b-114817162698,2d485153-0c7a-5534-a741-a276e49e3471,CARD-000378-2,Visa,8898,2026-01-17T19:41:21Z,2029-07-13,active
5a457f87-b4ae-524c-8b67-78aa197c9bd6,a4f4b9fa-87b8-5517-ab68-1d4070f9bb2b,CARD-000379-1,Amex,3438,2022-02-14T19:41:21Z,2028-07-13,active
7868ed45-d5da-51b3-aae4-1f67d72e5f53,a70d037f-258d-58c8-9c84-e9480de9d67f,CARD-000380-1,Visa,9461,2021-09-11T19:41:21Z,2028-07-13,active
20f45dd4-041b-5204-91b0-752af03edcfc,fb646c66-6c2f-541b-ab28-f2f4197fe3bd,CARD-000381-1,Visa,2279,2023-12-05T19:41:21Z,2029-07-13,active
738f4d4f-a679-534f-a4c2-5818aa2ab0e7,a31fe0c1-c36e-5a4a-9a9e-65047e20645c,CARD-000382-1,Visa,9885,2025-10-06T19:41:21Z,2027-07-13,active
42ef9dad-19b1-5bc0-ba8c-0a7f3b79fe75,ba3bbf02-8507-58ac-87c4-c01ba7e2ca1f,CARD-000383-1,Visa,2115,2025-12-27T19:41:21Z,2030-07-13,active
32f2a672-589c-535a-904b-8e122d1861a6,cdd493d2-a7e0-57f2-a5a0-13b5f6872fb2,CARD-000384-1,Amex,7519,2023-11-29T19:41:21Z,2028-07-13,active
6a3e04d2-6a68-5830-8f70-a656f9731be9,5ebf78cc-8196-556b-81b5-1f9a6f24e64d,CARD-000385-1,Amex,4873,2023-08-09T19:41:21Z,2031-07-13,active
26ca80ad-fdfa-5d4e-93f8-a3bdb545d0ff,80486f22-57b1-5a99-9ca7-fa000dd937e0,CARD-000386-1,Visa,3559,2022-07-13T19:41:21Z,2030-07-13,active
23436343-5f06-5ffa-bef7-2e871c45619e,546831b5-2329-548c-b14f-4e97ae0c202b,CARD-000387-1,Visa,6499,2023-10-07T19:41:21Z,2027-07-13,active
11303c95-5125-5d16-a7d4-2e969c343d3a,546831b5-2329-548c-b14f-4e97ae0c202b,CARD-000387-2,Mastercard,1878,2023-11-19T19:41:21Z,2028-07-13,active
d65022c8-dbd7-5b6c-981a-517f3150951e,e2e5bae5-c257-5a69-9061-cf23e5450bc1,CARD-000388-1,Visa,8759,2022-09-25T19:41:21Z,2030-07-13,active
597a7528-d2c6-53ba-9ec1-3e6be2a2d659,bc2e6cb9-8d04-5e72-9d28-7b181d2d80da,CARD-000389-1,Amex,1684,2025-05-10T19:41:21Z,2029-07-13,active
10d69538-203b-530c-b271-4066a88cbcec,894b71d3-8e71-5a15-884a-9e8f984ec08b,CARD-000390-1,Amex,2750,2025-01-28T19:41:21Z,2028-07-13,active
2a8470a0-b7b5-5eac-aef1-5a0d4e3b4ae5,894b71d3-8e71-5a15-884a-9e8f984ec08b,CARD-000390-2,Visa,6810,2025-01-14T19:41:21Z,2027-07-13,active
d476349d-e737-5241-a449-b6e0e3dc718f,fd17091a-730c-5c50-be64-6c5defdcf185,CARD-000391-1,Visa,3580,2025-02-28T19:41:21Z,2029-07-13,active
f0f3ae2f-0fc4-56b6-be1a-e0e196ae2626,19598d41-4152-57d0-8879-88fe6c4f4095,CARD-000392-1,Amex,7354,2025-05-15T19:41:21Z,2031-07-13,active
e7b703f4-78b2-511e-9d0e-ea634651d86b,61d75b8b-af36-5e5f-8c4f-f30c9dcce961,CARD-000393-1,Visa,3900,2022-03-16T19:41:21Z,2031-07-13,active
97cac929-9bc2-560b-9e7b-2e0af49cb271,e9c3f2d8-7d6f-5015-b518-0891c562fa5c,CARD-000394-1,Mastercard,3007,2025-01-02T19:41:21Z,2027-07-13,active
a2059bd3-f8ac-5767-8e71-5b13de9a0082,bcdc0e1d-19b3-571a-9970-0d86b5ae3fee,CARD-000395-1,Mastercard,2689,2025-11-25T19:41:21Z,2028-07-13,active
dd384b70-6a8d-5a11-a615-e58b6a12b24f,bcdc0e1d-19b3-571a-9970-0d86b5ae3fee,CARD-000395-2,Visa,6947,2025-10-21T19:41:21Z,2031-07-13,active
e17ca56e-ed3f-55ea-99aa-393c539fefba,e709f276-c174-5257-8d41-3c670738536a,CARD-000396-1,Mastercard,0324,2024-05-27T19:41:21Z,2030-07-13,active
cfeb2567-a2a9-5576-ba4f-5c66059aef32,55911573-666d-503c-b3d2-9ddb2eccfa69,CARD-000397-1,Visa,3106,2023-09-09T19:41:21Z,2027-07-13,active
22a12a15-9356-53ed-b427-00f0bb91eb03,82ec88ce-22a0-52fe-b097-cce5af67f7ff,CARD-000398-1,Amex,0945,2022-10-22T19:41:21Z,2030-07-13,active
aff705cc-8012-56cd-ae4a-b772793d73af,ded53bc0-90ad-5910-b9f6-afe9f9bdd0d2,CARD-000399-1,Mastercard,9603,2023-01-25T19:41:21Z,2027-07-13,active
f8da0d04-f2e5-5aaf-a3e9-d0a747c263b6,ded53bc0-90ad-5910-b9f6-afe9f9bdd0d2,CARD-000399-2,Amex,3093,2023-01-24T19:41:21Z,2030-07-13,active
a7288e3b-d564-51d6-a932-cbe5fd665adf,f81470ad-e34c-51ba-ba5c-6a0c145160d7,CARD-000400-1,Mastercard,3432,2022-03-25T19:41:21Z,2030-07-13,active
ca8d8450-b409-5579-8312-c08c2602ce95,f81470ad-e34c-51ba-ba5c-6a0c145160d7,CARD-000400-2,Amex,5047,2022-01-25T19:41:21Z,2028-07-13,active
9ce53b77-57b1-53a6-944b-b1e919cb3443,4536e984-e3a8-5bda-bc82-f3914c6a6597,CARD-000401-1,Visa,3292,2024-03-12T19:41:21Z,2028-07-13,active
b46736b7-b3d2-51a5-9929-e2c965ee8d59,4536e984-e3a8-5bda-bc82-f3914c6a6597,CARD-000401-2,Visa,4249,2024-05-05T19:41:21Z,2030-07-13,active
112558ad-d370-5685-bb9e-dc2a700245d3,163938bd-f6cc-501b-9b36-1cadc7586ca8,CARD-000402-1,Visa,9542,2024-04-22T19:41:21Z,2027-07-13,active
cebbc5ec-13d2-5e98-a9b3-b9bc73b16084,163938bd-f6cc-501b-9b36-1cadc7586ca8,CARD-000402-2,Visa,3458,2024-04-05T19:41:21Z,2027-07-13,active
17ec99e4-6b4d-5152-94bd-d6737232e1b7,8a6d5c6c-66fa-5421-b781-6e71b28e6263,CARD-000403-1,Mastercard,0937,2023-12-10T19:41:21Z,2029-07-13,active
8483953d-63ba-503b-82b5-d886be976ed0,fab30f63-b34c-51e7-a394-b27843917a7d,CARD-000404-1,Mastercard,0272,2023-11-12T19:41:21Z,2029-07-13,active
397b4e4f-2463-5117-ad4e-689e45a86b29,fab30f63-b34c-51e7-a394-b27843917a7d,CARD-000404-2,Visa,5333,2023-11-15T19:41:21Z,2030-07-13,active
f566af59-d99c-5d2d-8152-ad392240ff2d,0ef1e2e3-7bad-5e2d-b502-002dbcd4fa3a,CARD-000405-1,Amex,8267,2022-08-08T19:41:21Z,2028-07-13,active
dbe9c879-7db3-5a33-8627-4e203df206fe,0ef1e2e3-7bad-5e2d-b502-002dbcd4fa3a,CARD-000405-2,Mastercard,1426,2022-08-25T19:41:21Z,2031-07-13,active
38f080d0-794d-556a-a6f9-282ad598fe88,02c1f66a-9150-5ea0-bef0-ebcea9051e4e,CARD-000406-1,Amex,2016,2025-07-03T19:41:21Z,2028-07-13,active
b3a612e4-fa48-5503-b72f-1a2f88bd8cd0,7bae8762-1f00-5866-8b82-688426ed271e,CARD-000407-1,Amex,0027,2024-11-20T19:41:21Z,2027-07-13,active
367d2821-5f6e-5560-b224-34f917e3126e,c21459ad-0eb8-5946-adbd-e95b8e9006c4,CARD-000408-1,Amex,4643,2023-04-18T19:41:21Z,2027-07-13,active
61a07086-8ac4-51a2-8b79-69041fb2bde1,39a5309c-c1b3-5340-b363-3ebf85a88539,CARD-000409-1,Amex,0861,2026-02-13T19:41:21Z,2028-07-13,active
d3af92f6-c053-53a2-84c8-450da0b9857e,7c12f1a9-9fb8-5cee-9a31-d92d3592b8a3,CARD-000410-1,Mastercard,1594,2022-01-23T19:41:21Z,2029-07-13,active
47fada6d-72dd-5b2c-9067-2061257b8215,7c12f1a9-9fb8-5cee-9a31-d92d3592b8a3,CARD-000410-2,Amex,0886,2022-03-10T19:41:21Z,2029-07-13,active
310f3c8d-f18e-5aa0-84ee-47005cc42f10,a98d3b18-3182-5807-b700-bcc543852e7f,CARD-000411-1,Mastercard,2756,2025-04-10T19:41:21Z,2027-07-13,active
29574caa-db2f-55b3-ba82-70e903b0f3bc,99a76cf2-7f67-52e6-8a1e-905d60a8ea00,CARD-000412-1,Amex,6150,2022-11-27T19:41:21Z,2027-07-13,active
724342e6-5344-54e9-bfe6-f4c7a10d3bf4,99a76cf2-7f67-52e6-8a1e-905d60a8ea00,CARD-000412-2,Mastercard,6260,2022-10-26T19:41:21Z,2030-07-13,active
eb8423b8-59e5-5c42-8490-c56b02c40ba4,ec6eb617-f6a7-542e-b91b-80bc8664a535,CARD-000413-1,Amex,7105,2023-01-19T19:41:21Z,2031-07-13,active
832b8175-52dc-5ea1-a19e-1374f899dddd,a49a5a4d-2948-55cc-84cf-532355fc4637,CARD-000414-1,Amex,2033,2023-04-21T19:41:21Z,2028-07-13,active
04d2b2fa-b79b-5fe3-8807-c6c6736a8dd4,a49a5a4d-2948-55cc-84cf-532355fc4637,CARD-000414-2,Amex,1922,2023-03-15T19:41:21Z,2031-07-13,active
f12ef6fe-d7a1-54a2-94c9-6e8eec9bc5e2,0255a3bf-94bc-5940-8d57-fd0042fade06,CARD-000415-1,Amex,0001,2024-11-21T19:41:21Z,2029-07-13,active
d6c4d9c7-a70f-5667-a2e8-44c04a215f49,48d6abc8-eb85-54bd-8e76-2eeab62d32d6,CARD-000416-1,Visa,0601,2023-05-23T19:41:21Z,2028-07-13,active
ad6371bb-2f69-514e-a7f6-9ea696e41db7,48d6abc8-eb85-54bd-8e76-2eeab62d32d6,CARD-000416-2,Mastercard,3526,2023-05-19T19:41:21Z,2031-07-13,active
6b0621b2-5191-5f9c-b529-0c87e802ba6a,c30c686f-9397-536c-8be2-7388cca580e0,CARD-000417-1,Visa,1156,2022-10-03T19:41:21Z,2029-07-13,active
02dea118-1a28-520d-a69f-bc3775ec3bd5,91c919f4-0449-5ebc-b3ab-a6025f0af3cf,CARD-000418-1,Mastercard,4476,2024-12-04T19:41:21Z,2028-07-13,active
6a73a3b7-7175-549a-9fef-a7be1cba5e54,d0c8ba49-0262-51bd-b9be-d15ebd283bc2,CARD-000419-1,Mastercard,9036,2023-05-20T19:41:21Z,2031-07-13,active
55b7205f-1701-5a3d-a4fc-4b752b0666c0,a8255d25-ef6f-5b38-94b3-4dfafcad0dc5,CARD-000420-1,Amex,2070,2023-03-22T19:41:21Z,2030-07-13,active
95b5b1d0-ce84-5c2b-9691-2350bcc42d99,a8255d25-ef6f-5b38-94b3-4dfafcad0dc5,CARD-000420-2,Amex,4380,2023-03-16T19:41:21Z,2029-07-13,active
ae73c7d6-964e-5635-afec-58060e373c80,43f0ed1c-c7b7-5186-a314-682ffb8c680d,CARD-000421-1,Mastercard,1476,2023-06-24T19:41:21Z,2027-07-13,active
2b148ac2-6716-5e8b-b1db-6abbc40257df,51ae9e2b-d418-549d-903f-cf8e55291a05,CARD-000422-1,Mastercard,0227,2023-08-19T19:41:21Z,2028-07-13,active
123a632e-4f1f-5468-bf1d-d7cfc82759c2,f1619700-0a9f-500b-b9db-25f2cbb474d9,CARD-000423-1,Mastercard,1855,2025-01-31T19:41:21Z,2028-07-13,active
8cab3257-270d-5fa4-ad1a-0a8ff1b930e1,89442c34-f248-5fb0-bdf2-3463a8e701b2,CARD-000424-1,Amex,3050,2022-10-02T19:41:21Z,2029-07-13,active
e7f262f2-63a1-5a0a-bf69-35ac5873b474,de417582-e8f2-52e1-b6fe-6f2245845307,CARD-000425-1,Visa,8788,2023-09-11T19:41:21Z,2029-07-13,active
c1805fa6-e209-5ca1-a48c-3d17c9a22c65,11c3ca1a-2e0f-56fc-abdf-961a8fb5d0fc,CARD-000426-1,Visa,2626,2024-05-22T19:41:21Z,2028-07-13,active
43235273-d52e-5e40-b8cb-a70a875a666e,11c3ca1a-2e0f-56fc-abdf-961a8fb5d0fc,CARD-000426-2,Mastercard,4354,2024-04-17T19:41:21Z,2030-07-13,active
33f86f59-948e-508c-8733-8b277139b5ad,4913cb69-da3e-5e67-9e56-5a3fed1b5ce8,CARD-000427-1,Amex,0131,2025-10-04T19:41:21Z,2030-07-13,active
57937b21-5cb1-57ef-8365-2dde6541ee6a,4913cb69-da3e-5e67-9e56-5a3fed1b5ce8,CARD-000427-2,Mastercard,4623,2025-10-08T19:41:21Z,2027-07-13,active
e90ae9ba-a6fb-5c3b-827c-5f01b24dff3a,0f8571d3-29ff-54a8-b10b-d9f55139bd51,CARD-000428-1,Visa,1973,2025-03-13T19:41:21Z,2030-07-13,active
97e0e3ea-b7fe-5a00-8248-59ddfc613e7a,152d7595-df5d-5784-bafc-d99709276799,CARD-000429-1,Mastercard,0846,2024-03-17T19:41:21Z,2027-07-13,active
78e035af-5487-5017-a9fb-bcf71a2e0872,6457d9ac-bbec-5a50-8ce8-54584c5bc06a,CARD-000430-1,Mastercard,3028,2025-04-24T19:41:21Z,2030-07-13,active
b3531fab-e298-5844-af7a-133ecccbb654,e93436f7-dc7c-5257-9cde-9a2cf95b82a1,CARD-000431-1,Mastercard,1429,2022-04-14T19:41:21Z,2027-07-13,active
7b28e3e5-64d2-5ecc-b095-565532ec5f50,7fcf7902-d58a-5f5f-aae6-6e8a5e68404f,CARD-000432-1,Visa,0717,2025-10-03T19:41:21Z,2028-07-13,active
36f17e22-da8f-5214-9964-ef0a0aff7d8e,087b4ca2-14f5-5b2b-808c-6a99eb0d4b2d,CARD-000433-1,Visa,4745,2023-11-06T19:41:21Z,2031-07-13,active
b8e8dbf2-c0e4-5eda-a7f3-19256f5cb082,5150f792-ba32-5ed4-b6d2-eec9eb7bcbc9,CARD-000434-1,Amex,3568,2023-12-08T19:41:21Z,2027-07-13,active
c1e7b1be-9643-5b1e-9458-ee9e0279ccbf,2850a870-1f15-5aa6-8442-3a50260ea181,CARD-000435-1,Visa,3440,2026-02-15T19:41:21Z,2027-07-13,active
fb1baba9-865d-53c7-90ef-26845d383ab5,a570ec47-8ab0-5b05-bdb8-0cb9c653c0f0,CARD-000436-1,Visa,8804,2024-02-11T19:41:21Z,2031-07-13,active
3d05d687-e012-5fcc-9544-7c84c5c1729e,8421a43a-94b1-520f-ab87-482eb686ae7f,CARD-000437-1,Mastercard,6039,2024-06-29T19:41:21Z,2030-07-13,active
e8d644c5-44b1-5cc4-aa91-db3d7b27ca53,8421a43a-94b1-520f-ab87-482eb686ae7f,CARD-000437-2,Visa,8125,2024-07-01T19:41:21Z,2030-07-13,active
634ab764-7517-548a-981d-fdc359e46a59,a8038da3-35a6-5564-bd4f-daf0771905d5,CARD-000438-1,Mastercard,6594,2024-07-25T19:41:21Z,2031-07-13,active
1f470749-c5b9-595b-a9e8-c0a065880805,a869525f-efed-5d02-9d17-ea9a09a938b0,CARD-000439-1,Visa,1742,2021-09-30T19:41:21Z,2029-07-13,active
8f40867b-6a4e-5626-91c0-4a9dc2bce215,f2805b72-e616-5fe8-b0f5-63b1d46fb653,CARD-000440-1,Mastercard,1680,2025-07-05T19:41:21Z,2030-07-13,active
0ef27275-ba15-5e99-b43b-1e26475f1423,39ad561b-1b46-50f2-bbbb-4861daaec8f9,CARD-000441-1,Visa,1804,2022-08-26T19:41:21Z,2027-07-13,active
7fdae5de-db0e-5f15-867f-972113d44998,64876a16-8f0d-5ba5-92e9-8ad1a73b712b,CARD-000442-1,Mastercard,8179,2025-05-21T19:41:21Z,2029-07-13,active
f131e986-6b5d-59be-9982-2a103606d75a,64876a16-8f0d-5ba5-92e9-8ad1a73b712b,CARD-000442-2,Mastercard,1251,2025-05-29T19:41:21Z,2027-07-13,active
1da10e6b-58df-5e09-8751-a6129ffe73f1,96dd91bd-b37c-5d75-a94b-d0d41d389698,CARD-000443-1,Mastercard,9858,2024-01-11T19:41:21Z,2029-07-13,active
432a0dca-a00a-5482-96ff-95ca9c8b9caa,067dfb1c-36d8-5166-9cd0-97af29e8ed3f,CARD-000444-1,Visa,1429,2023-04-28T19:41:21Z,2029-07-13,active
745f2d02-1791-5238-b1d1-dfebcd7ef4ca,067dfb1c-36d8-5166-9cd0-97af29e8ed3f,CARD-000444-2,Visa,3330,2023-06-06T19:41:21Z,2027-07-13,active
b8e0095a-713a-524d-abc4-f9aa6eeb7d25,e9884f03-f679-5b7b-9197-009ab2ccf69f,CARD-000445-1,Mastercard,3973,2021-07-25T19:41:21Z,2028-07-13,active
23f4cc35-dbb7-5d52-9c27-e6d89e76dd71,e9884f03-f679-5b7b-9197-009ab2ccf69f,CARD-000445-2,Visa,2257,2021-07-19T19:41:21Z,2028-07-13,active
080592ff-21ea-5415-b20d-e17a2e44720f,b31efe66-4d58-55c5-be8b-f9ca201405d2,CARD-000446-1,Mastercard,2452,2021-09-21T19:41:21Z,2028-07-13,active
f5d44395-f652-5e67-bc77-5ac5b6845d71,87c9c399-f520-5087-9e6e-c454fa87fd51,CARD-000447-1,Visa,8245,2023-10-29T19:41:21Z,2027-07-13,active
e8820432-01c1-5b35-855f-cdd495c7236d,45c45ca4-c76a-5c95-9174-6d77b600d40b,CARD-000448-1,Amex,9163,2025-07-06T19:41:21Z,2027-07-13,active
dfcd0158-b7d8-5999-97c6-a8d035596a6e,a1089a40-e9bc-5cec-a48c-c268dfea54ec,CARD-000449-1,Visa,3471,2025-10-13T19:41:21Z,2027-07-13,active
aafead4b-e001-5f71-9934-785cfc2a2929,96db1d25-427e-55cf-acc1-44ce6ff8da4d,CARD-000450-1,Mastercard,8195,2021-11-21T19:41:21Z,2029-07-13,active
af4cfe8e-808c-5ebf-9ded-75ae99543ed4,affe504d-8fb4-5e10-b481-adbf82065b12,CARD-000451-1,Amex,1528,2021-12-12T19:41:21Z,2028-07-13,active
95d26d7c-b650-5b7f-a84f-a5c18cde98ba,76c7c487-4b40-577a-9455-8975c54c6d19,CARD-000452-1,Amex,9943,2024-09-01T19:41:21Z,2028-07-13,active
6adeb3e5-60be-5352-8444-dbe2eceb1957,d5d2f877-7119-5821-9c2d-76e58aa44616,CARD-000453-1,Mastercard,4226,2024-08-11T19:41:21Z,2029-07-13,active
bb7f3b89-f27d-5aa3-baea-7367e7324789,ae082498-90c5-570c-a298-61a670ea68c6,CARD-000454-1,Amex,0699,2022-07-31T19:41:21Z,2027-07-13,active
6f87c016-9e84-57d5-9c0d-a56a3fc7b7d2,ae082498-90c5-570c-a298-61a670ea68c6,CARD-000454-2,Amex,4011,2022-08-05T19:41:21Z,2031-07-13,active
d8bda6d7-e524-5bf5-993a-ae7a2dc28ac3,1b1c5cbd-1295-5487-9136-f454f8e5d7bc,CARD-000455-1,Visa,2953,2024-03-27T19:41:21Z,2027-07-13,active
a395cf4b-dfa2-5f8d-bae3-db1a78398c45,5cff9140-1161-565a-bf0c-32a7063e05be,CARD-000456-1,Visa,5922,2026-03-18T19:41:21Z,2030-07-13,active
e4deba9f-52e0-5c5e-8a29-a50fa90cfc3f,5cff9140-1161-565a-bf0c-32a7063e05be,CARD-000456-2,Mastercard,3496,2026-01-30T19:41:21Z,2028-07-13,active
65f7d36b-7519-55bb-a2bf-018dbc3ddbb0,dd76104f-8b27-5032-a07a-0398dbc804bb,CARD-000457-1,Visa,1514,2025-12-26T19:41:21Z,2030-07-13,active
acca4e5f-e22c-5d41-9d4e-85d28011c5aa,81950591-3634-5ff1-a504-274064c35f47,CARD-000458-1,Amex,9783,2023-04-27T19:41:21Z,2027-07-13,active
2472b669-b524-5d8d-964f-c599ec854c3c,81950591-3634-5ff1-a504-274064c35f47,CARD-000458-2,Amex,9477,2023-05-24T19:41:21Z,2028-07-13,active
c9e986f4-8538-5c73-bf52-f822ac6e5a91,7ed80314-b47a-58e5-a6f7-0dd08ea00d00,CARD-000459-1,Visa,7361,2021-07-20T19:41:21Z,2031-07-13,active
14b33920-627a-52a5-b674-23c973a595c0,7ed80314-b47a-58e5-a6f7-0dd08ea00d00,CARD-000459-2,Visa,0597,2021-06-23T19:41:21Z,2028-07-13,active
49385d4d-0437-598d-9695-84cdba5c0f89,1dc3eee2-66e9-5e89-9e3d-06109a3b02b9,CARD-000460-1,Mastercard,6723,2025-04-11T19:41:21Z,2029-07-13,active
d694c3d0-98a5-5852-adcc-8e09094add3f,1dc3eee2-66e9-5e89-9e3d-06109a3b02b9,CARD-000460-2,Amex,6977,2025-04-22T19:41:21Z,2029-07-13,active
7cf85f34-def8-5420-b527-c48ccf673c9b,a71541f1-bae9-5b7b-9612-31497e850620,CARD-000461-1,Visa,1435,2023-12-26T19:41:21Z,2027-07-13,active
3f814c7b-352b-5598-905e-2af451c16ae5,a71541f1-bae9-5b7b-9612-31497e850620,CARD-000461-2,Visa,0269,2023-12-14T19:41:21Z,2030-07-13,active
c0304435-817d-5a75-96d0-4c777cc35d90,d3da068b-7cad-5568-a99f-4a4b42a50b30,CARD-000462-1,Mastercard,7601,2021-08-01T19:41:21Z,2030-07-13,active
ce325f5d-0ed5-526b-ba3a-c84cd18a6332,d3da068b-7cad-5568-a99f-4a4b42a50b30,CARD-000462-2,Visa,6138,2021-08-25T19:41:21Z,2028-07-13,active
e2ac0d0f-aac5-5f15-9d7e-c5c4223b8f7f,b2d25630-89e3-5801-bbdf-409532b87681,CARD-000463-1,Visa,9374,2026-03-07T19:41:21Z,2028-07-13,active
aa5861ee-bed2-56c6-8d6d-244d4d259252,7f353c3b-5b07-5937-9f9b-ad25410e7972,CARD-000464-1,Mastercard,9058,2024-07-13T19:41:21Z,2029-07-13,active
5d222f1c-7d5b-5553-8a71-bf50b176b053,7f353c3b-5b07-5937-9f9b-ad25410e7972,CARD-000464-2,Visa,1527,2024-07-08T19:41:21Z,2027-07-13,active
01d838e5-90e6-5632-9c2b-adcbda04efff,61fe2e82-ed9e-5f8f-a582-1da60aa78c39,CARD-000465-1,Mastercard,3175,2022-03-21T19:41:21Z,2028-07-13,active
cdfe3f23-2886-5bff-88ef-889d5766a55c,61fe2e82-ed9e-5f8f-a582-1da60aa78c39,CARD-000465-2,Amex,6194,2022-04-05T19:41:21Z,2029-07-13,active
f03f44dd-a751-579f-8882-e8dc6f85fe5c,fcd4b7e6-5fab-586a-aea2-6fb58cd6b18a,CARD-000466-1,Visa,6778,2025-08-11T19:41:21Z,2030-07-13,active
f06251e2-a831-5b1f-bbeb-b24fa9c39d4a,92a9036f-986a-5ad3-b421-052d4754bd6e,CARD-000467-1,Visa,3159,2024-06-20T19:41:21Z,2027-07-13,active
efe1d5a5-7a97-5bae-9381-75317e95fad4,b0768047-1ffe-5fb3-8e5b-6e6835f5a8c5,CARD-000468-1,Amex,4822,2025-02-24T19:41:21Z,2030-07-13,active
9739fe10-7ec2-507d-96ac-c0683c138d5a,091a2111-9540-5f45-8602-7c0c3c8dad92,CARD-000469-1,Mastercard,6942,2025-10-25T19:41:21Z,2029-07-13,active
84a37ba0-622e-5571-9f04-d830be8e52af,1de69f8b-26ac-5060-a17c-e80f1ddc83b1,CARD-000470-1,Amex,5771,2025-06-02T19:41:21Z,2027-07-13,active
df1d839b-9811-5bc4-8e8a-96a4fcde7a03,efc0e704-b587-53cc-aea3-a7940a3e4fa8,CARD-000471-1,Visa,7624,2025-03-07T19:41:21Z,2029-07-13,active
597db411-6b08-5656-af80-775220d36185,efc0e704-b587-53cc-aea3-a7940a3e4fa8,CARD-000471-2,Visa,9201,2025-02-03T19:41:21Z,2030-07-13,active
9bafe6ed-6e6c-55a6-9eed-db42ea2f1ccd,401406bf-94ec-5c97-be81-22fa9d2f5801,CARD-000472-1,Visa,4496,2022-09-26T19:41:21Z,2027-07-13,active
403bdaf9-5e4d-5f1c-af87-2ea1aa3ba8b5,e778c44c-f917-57ce-83c8-45971301e0e5,CARD-000473-1,Amex,0640,2026-03-31T19:41:21Z,2027-07-13,active
535a794a-687e-559a-b9f9-1be17a6ddb28,bea58432-7a02-5d94-9ab6-bcbd0e51ecc4,CARD-000474-1,Amex,1989,2024-03-10T19:41:21Z,2029-07-13,active
4e60652d-dce3-5586-bfb1-459511024759,bc2fdb61-9fd6-511b-abb1-cf18f3611e9e,CARD-000475-1,Mastercard,5395,2021-10-31T19:41:21Z,2031-07-13,active
ed104481-98a7-5617-8ace-eaa6e7e7c59d,7d02d54f-9ed7-59a4-82c9-b7ec8f64bbae,CARD-000476-1,Amex,7830,2022-03-07T19:41:21Z,2030-07-13,active
0c3916ed-0431-59f5-a9cb-2d1fb89a9853,2a0160fb-2a82-543a-8416-ce9e60fad444,CARD-000477-1,Amex,5134,2023-08-25T19:41:21Z,2029-07-13,active
d93d55e2-8582-5e3d-800a-f53522122ead,2a0160fb-2a82-543a-8416-ce9e60fad444,CARD-000477-2,Amex,7438,2023-08-18T19:41:21Z,2028-07-13,active
da804570-8127-50d6-9568-d4cdcaacba04,02e2276a-d2cf-5042-a30d-9bb208dae1d9,CARD-000478-1,Amex,1805,2024-10-08T19:41:21Z,2027-07-13,active
2c4cf86c-247d-582a-a411-6cca84745959,02e2276a-d2cf-5042-a30d-9bb208dae1d9,CARD-000478-2,Mastercard,3064,2024-10-10T19:41:21Z,2027-07-13,active
d7095894-d81f-5fe8-97d1-44875ca10142,abd4991e-e73a-5250-b5da-6f62d9fce67f,CARD-000479-1,Amex,6267,2023-12-30T19:41:21Z,2030-07-13,active
216ecc26-f3d2-5614-a674-18763e5ca49c,414fefc1-a3fb-5f5e-9c2d-0758087bf809,CARD-000480-1,Visa,6628,2022-07-15T19:41:21Z,2030-07-13,active
be71c639-9468-5110-8b26-02d5b6272086,aa885130-7804-5968-9e29-9cab6a35d650,CARD-000481-1,Amex,5002,2022-11-12T19:41:21Z,2028-07-13,active
4935224e-2be8-5264-84e1-8cc3fa46daab,350cc917-46e7-5f80-a684-9efb86f9f784,CARD-000482-1,Mastercard,9554,2026-03-20T19:41:21Z,2030-07-13,active
65a1d7e1-4e25-5ee9-8f10-73bd7fe2a7e6,60c3a06d-ef1e-5a99-bb32-2a3d90eb0c7c,CARD-000483-1,Mastercard,5968,2025-10-22T19:41:21Z,2027-07-13,active
853b8ebb-a888-521e-a21f-9d97ecfcb567,3000ada7-923a-5169-b137-aae8c36c7df2,CARD-000484-1,Mastercard,1768,2022-08-21T19:41:21Z,2031-07-13,active
a5b60998-925a-5f86-88d0-fde5af5eea39,08ec47db-4af2-562b-bbea-e421696259f5,CARD-000485-1,Mastercard,4725,2024-07-28T19:41:21Z,2027-07-13,active
5a1a0bd1-1084-5f93-92bf-c11ea445eae1,673dcb91-392e-52b6-a65a-977c88b1b54d,CARD-000486-1,Mastercard,0010,2023-07-26T19:41:21Z,2029-07-13,active
84f8d24e-6be8-5716-b2b2-6da08717ff55,1b240c13-f5f3-56c2-84a3-d719f8de88c0,CARD-000487-1,Amex,6328,2022-04-02T19:41:21Z,2030-07-13,active
690777cb-c0ef-5165-80d4-e3d32aefad06,8b5eb92d-8e31-5207-9771-81faf8ec9700,CARD-000488-1,Mastercard,1573,2023-12-23T19:41:21Z,2031-07-13,active
b840c0ae-e362-5bff-b8dd-e81133c98116,3e068ff5-51e7-51f4-a179-7b2458a5d3d0,CARD-000489-1,Visa,9508,2023-10-05T19:41:21Z,2029-07-13,active
b09b5ecb-a7cc-585d-ac2b-ba412e55a5ea,3e068ff5-51e7-51f4-a179-7b2458a5d3d0,CARD-000489-2,Visa,8900,2023-10-30T19:41:21Z,2031-07-13,active
62e5744c-9f8a-5b0c-ac9e-6b567871cf5c,23cf054e-cd6a-5802-afff-57b1a3642e57,CARD-000490-1,Visa,1989,2024-11-25T19:41:21Z,2031-07-13,active
5fa0a5ab-20ca-56a1-8c04-297a940ffdf9,d9e84a08-2185-5c07-9757-511ed799eeec,CARD-000491-1,Visa,8516,2024-08-13T19:41:21Z,2028-07-13,active
87974acb-8606-545c-be98-2048213226f4,42af0be5-9cdc-5eb8-85a2-266569697547,CARD-000492-1,Visa,7083,2024-08-18T19:41:21Z,2027-07-13,active
3fb60923-8a5d-57dd-bd08-50f8f1166478,6aca9045-ef69-55a5-a8de-4509f20ff208,CARD-000493-1,Mastercard,6830,2024-10-22T19:41:21Z,2030-07-13,active
9915cd49-5f82-5270-8f6c-38b6f8f1950e,6aca9045-ef69-55a5-a8de-4509f20ff208,CARD-000493-2,Visa,0458,2024-09-18T19:41:21Z,2030-07-13,active
522ef01b-5aed-59c2-970e-1c58e916596c,420909f9-83ee-59c2-bc57-0767080deb1b,CARD-000494-1,Amex,3453,2024-05-11T19:41:21Z,2031-07-13,active
e1d020df-c013-569e-805d-c6850a6284c1,174a8324-43b5-5d50-85eb-f1d3760b72e6,CARD-000495-1,Amex,7925,2022-05-06T19:41:21Z,2030-07-13,active
31b1d8a2-6127-5ccf-bc74-796e5b8c3d33,174a8324-43b5-5d50-85eb-f1d3760b72e6,CARD-000495-2,Amex,2955,2022-05-18T19:41:21Z,2031-07-13,active
6c0b3916-b22d-5b6d-a084-d32c07bd493d,7ac54b20-fcb1-5624-a6bd-c340a0a8753c,CARD-000496-1,Amex,3876,2021-07-12T19:41:21Z,2028-07-13,active
ff5bf79e-2f84-5399-8133-606c05a098c9,7ac54b20-fcb1-5624-a6bd-c340a0a8753c,CARD-000496-2,Amex,6292,2021-08-23T19:41:21Z,2030-07-13,active
ac21027c-bfb4-5966-82ed-567020dac9d0,ad1c2ae7-3b66-5a02-964b-c107b1c7d8eb,CARD-000497-1,Visa,2655,2024-03-30T19:41:21Z,2031-07-13,active
aa8b4cbe-6a1f-5308-964c-0fa2b5a7080e,30bd3a67-2a26-519f-8a74-e1ed986a38e9,CARD-000498-1,Amex,8129,2021-12-24T19:41:21Z,2028-07-13,active
71916eaa-b690-5c3e-89bd-352749f3d89a,30bd3a67-2a26-519f-8a74-e1ed986a38e9,CARD-000498-2,Amex,7761,2022-01-13T19:41:21Z,2029-07-13,active
ccff6551-e5e3-5ec8-a422-0b504ceb0797,3f6e221e-ae7a-56f4-a486-9b4046eb3ff5,CARD-000499-1,Mastercard,0369,2025-12-05T19:41:21Z,2029-07-13,active
0c1a231b-c9e2-5757-9bef-72db64d55839,1bcf2595-6d1d-55f3-a843-31d74b3c9636,CARD-000500-1,Visa,2282,2022-05-31T19:41:21Z,2031-07-13,active
